file,line,type,commit,author,date,time,timezone,datetime,depth,length
style.css,1,css,9337366f,Alexander Kuo,2025-04-04,02:09:05,-07:00,2025-04-04T02:09:05-07:00,0,5
style.css,2,css,b55788b4,Alexander Kuo,2025-04-11,02:00:23,-07:00,2025-04-11T02:00:23-07:00,0,24
style.css,3,css,b55788b4,Alexander Kuo,2025-04-11,02:00:23,-07:00,2025-04-11T02:00:23-07:00,0,16
style.css,4,css,b55788b4,Alexander Kuo,2025-04-11,02:00:23,-07:00,2025-04-11T02:00:23-07:00,0,19
style.css,5,css,b55788b4,Alexander Kuo,2025-04-11,02:00:23,-07:00,2025-04-11T02:00:23-07:00,0,12
style.css,6,css,86d0a627,Alexander Kuo,2025-04-18,21:09:50,-07:00,2025-04-18T21:09:50-07:00,0,24
style.css,7,css,b55788b4,Alexander Kuo,2025-04-11,02:00:23,-07:00,2025-04-11T02:00:23-07:00,0,0
style.css,8,css,b55788b4,Alexander Kuo,2025-04-11,02:00:23,-07:00,2025-04-11T02:00:23-07:00,0,0
style.css,9,css,b55788b4,Alexander Kuo,2025-04-11,02:00:23,-07:00,2025-04-11T02:00:23-07:00,0,4
style.css,10,css,b55788b4,Alexander Kuo,2025-04-11,02:00:23,-07:00,2025-04-11T02:00:23-07:00,0,13
style.css,11,css,86d0a627,Alexander Kuo,2025-04-18,21:09:50,-07:00,2025-04-18T21:09:50-07:00,0,40
style.css,12,css,b55788b4,Alexander Kuo,2025-04-11,02:00:23,-07:00,2025-04-11T02:00:23-07:00,0,0
style.css,13,css,b55788b4,Alexander Kuo,2025-04-11,02:00:23,-07:00,2025-04-11T02:00:23-07:00,0,0
style.css,14,css,b55788b4,Alexander Kuo,2025-04-11,02:00:23,-07:00,2025-04-11T02:00:23-07:00,0,2
style.css,15,css,b55788b4,Alexander Kuo,2025-04-11,02:00:23,-07:00,2025-04-11T02:00:23-07:00,0,7
style.css,16,css,b55788b4,Alexander Kuo,2025-04-11,02:00:23,-07:00,2025-04-11T02:00:23-07:00,0,21
style.css,17,css,b55788b4,Alexander Kuo,2025-04-11,02:00:23,-07:00,2025-04-11T02:00:23-07:00,0,14
style.css,18,css,b55788b4,Alexander Kuo,2025-04-11,02:00:23,-07:00,2025-04-11T02:00:23-07:00,0,18
style.css,19,css,b55788b4,Alexander Kuo,2025-04-11,02:00:23,-07:00,2025-04-11T02:00:23-07:00,0,14
style.css,20,css,b55788b4,Alexander Kuo,2025-04-11,02:00:23,-07:00,2025-04-11T02:00:23-07:00,0,20
style.css,21,css,b55788b4,Alexander Kuo,2025-04-11,02:00:23,-07:00,2025-04-11T02:00:23-07:00,0,24
style.css,22,css,b55788b4,Alexander Kuo,2025-04-11,02:00:23,-07:00,2025-04-11T02:00:23-07:00,0,26
style.css,23,css,86d0a627,Alexander Kuo,2025-04-18,21:09:50,-07:00,2025-04-18T21:09:50-07:00,0,40
style.css,24,css,b55788b4,Alexander Kuo,2025-04-11,02:00:23,-07:00,2025-04-11T02:00:23-07:00,0,17
style.css,25,css,b55788b4,Alexander Kuo,2025-04-11,02:00:23,-07:00,2025-04-11T02:00:23-07:00,0,0
style.css,26,css,b55788b4,Alexander Kuo,2025-04-11,02:00:23,-07:00,2025-04-11T02:00:23-07:00,0,0
style.css,27,css,b55788b4,Alexander Kuo,2025-04-11,02:00:23,-07:00,2025-04-11T02:00:23-07:00,0,8
style.css,28,css,b55788b4,Alexander Kuo,2025-04-11,02:00:23,-07:00,2025-04-11T02:00:23-07:00,0,44
style.css,29,css,86d0a627,Alexander Kuo,2025-04-18,21:09:50,-07:00,2025-04-18T21:09:50-07:00,0,70
style.css,30,css,b55788b4,Alexander Kuo,2025-04-11,02:00:23,-07:00,2025-04-11T02:00:23-07:00,0,21
style.css,31,css,16f29635,Alexander Kuo,2025-04-11,20:16:43,-07:00,2025-04-11T20:16:43-07:00,0,26
style.css,32,css,b55788b4,Alexander Kuo,2025-04-11,02:00:23,-07:00,2025-04-11T02:00:23-07:00,0,0
style.css,33,css,b55788b4,Alexander Kuo,2025-04-11,02:00:23,-07:00,2025-04-11T02:00:23-07:00,0,0
style.css,34,css,b55788b4,Alexander Kuo,2025-04-11,02:00:23,-07:00,2025-04-11T02:00:23-07:00,0,9
style.css,35,css,b55788b4,Alexander Kuo,2025-04-11,02:00:23,-07:00,2025-04-11T02:00:23-07:00,0,24
style.css,36,css,b55788b4,Alexander Kuo,2025-04-11,02:00:23,-07:00,2025-04-11T02:00:23-07:00,0,21
style.css,37,css,b55788b4,Alexander Kuo,2025-04-11,02:00:23,-07:00,2025-04-11T02:00:23-07:00,0,0
style.css,38,css,b55788b4,Alexander Kuo,2025-04-11,02:00:23,-07:00,2025-04-11T02:00:23-07:00,0,0
style.css,39,css,b55788b4,Alexander Kuo,2025-04-11,02:00:23,-07:00,2025-04-11T02:00:23-07:00,0,4
style.css,40,css,b55788b4,Alexander Kuo,2025-04-11,02:00:23,-07:00,2025-04-11T02:00:23-07:00,0,10
style.css,41,css,b55788b4,Alexander Kuo,2025-04-11,02:00:23,-07:00,2025-04-11T02:00:23-07:00,0,19
style.css,42,css,b55788b4,Alexander Kuo,2025-04-11,02:00:23,-07:00,2025-04-11T02:00:23-07:00,0,20
style.css,43,css,b55788b4,Alexander Kuo,2025-04-11,02:00:23,-07:00,2025-04-11T02:00:23-07:00,0,0
style.css,44,css,b55788b4,Alexander Kuo,2025-04-11,02:00:23,-07:00,2025-04-11T02:00:23-07:00,0,9
style.css,45,css,b55788b4,Alexander Kuo,2025-04-11,02:00:23,-07:00,2025-04-11T02:00:23-07:00,0,19
style.css,46,css,be068bf2,Alexander Kuo,2025-04-11,18:30:09,-07:00,2025-04-11T18:30:09-07:00,0,19
style.css,47,css,b55788b4,Alexander Kuo,2025-04-11,02:00:23,-07:00,2025-04-11T02:00:23-07:00,0,0
style.css,48,css,b55788b4,Alexander Kuo,2025-04-11,02:00:23,-07:00,2025-04-11T02:00:23-07:00,0,0
style.css,49,css,b55788b4,Alexander Kuo,2025-04-11,02:00:23,-07:00,2025-04-11T02:00:23-07:00,0,5
style.css,50,css,b55788b4,Alexander Kuo,2025-04-11,02:00:23,-07:00,2025-04-11T02:00:23-07:00,0,41
style.css,51,css,b55788b4,Alexander Kuo,2025-04-11,02:00:23,-07:00,2025-04-11T02:00:23-07:00,0,33
style.css,52,css,b55788b4,Alexander Kuo,2025-04-11,02:00:23,-07:00,2025-04-11T02:00:23-07:00,0,24
style.css,53,css,b55788b4,Alexander Kuo,2025-04-11,02:00:23,-07:00,2025-04-11T02:00:23-07:00,0,0
style.css,54,css,b55788b4,Alexander Kuo,2025-04-11,02:00:23,-07:00,2025-04-11T02:00:23-07:00,0,0
style.css,55,css,b55788b4,Alexander Kuo,2025-04-11,02:00:23,-07:00,2025-04-11T02:00:23-07:00,0,5
style.css,56,css,b55788b4,Alexander Kuo,2025-04-11,02:00:23,-07:00,2025-04-11T02:00:23-07:00,0,12
style.css,57,css,b55788b4,Alexander Kuo,2025-04-11,02:00:23,-07:00,2025-04-11T02:00:23-07:00,0,12
style.css,58,css,b55788b4,Alexander Kuo,2025-04-11,02:00:23,-07:00,2025-04-11T02:00:23-07:00,0,0
style.css,59,css,b55788b4,Alexander Kuo,2025-04-11,02:00:23,-07:00,2025-04-11T02:00:23-07:00,0,0
style.css,60,css,b55788b4,Alexander Kuo,2025-04-11,02:00:23,-07:00,2025-04-11T02:00:23-07:00,0,6
style.css,61,css,b55788b4,Alexander Kuo,2025-04-11,02:00:23,-07:00,2025-04-11T02:00:23-07:00,0,20
style.css,62,css,b55788b4,Alexander Kuo,2025-04-11,02:00:23,-07:00,2025-04-11T02:00:23-07:00,0,0
style.css,63,css,b55788b4,Alexander Kuo,2025-04-11,02:00:23,-07:00,2025-04-11T02:00:23-07:00,0,0
style.css,64,css,b55788b4,Alexander Kuo,2025-04-11,02:00:23,-07:00,2025-04-11T02:00:23-07:00,0,9
style.css,65,css,b55788b4,Alexander Kuo,2025-04-11,02:00:23,-07:00,2025-04-11T02:00:23-07:00,0,20
style.css,66,css,b55788b4,Alexander Kuo,2025-04-11,02:00:23,-07:00,2025-04-11T02:00:23-07:00,0,0
style.css,67,css,b55788b4,Alexander Kuo,2025-04-11,02:00:23,-07:00,2025-04-11T02:00:23-07:00,0,0
style.css,68,css,b55788b4,Alexander Kuo,2025-04-11,02:00:23,-07:00,2025-04-11T02:00:23-07:00,0,7
style.css,69,css,b55788b4,Alexander Kuo,2025-04-11,02:00:23,-07:00,2025-04-11T02:00:23-07:00,0,20
style.css,70,css,b55788b4,Alexander Kuo,2025-04-11,02:00:23,-07:00,2025-04-11T02:00:23-07:00,0,19
style.css,71,css,b55788b4,Alexander Kuo,2025-04-11,02:00:23,-07:00,2025-04-11T02:00:23-07:00,0,0
style.css,72,css,b55788b4,Alexander Kuo,2025-04-11,02:00:23,-07:00,2025-04-11T02:00:23-07:00,0,0
style.css,73,css,b55788b4,Alexander Kuo,2025-04-11,02:00:23,-07:00,2025-04-11T02:00:23-07:00,0,5
style.css,74,css,b55788b4,Alexander Kuo,2025-04-11,02:00:23,-07:00,2025-04-11T02:00:23-07:00,0,13
style.css,75,css,b55788b4,Alexander Kuo,2025-04-11,02:00:23,-07:00,2025-04-11T02:00:23-07:00,0,31
style.css,76,css,b55788b4,Alexander Kuo,2025-04-11,02:00:23,-07:00,2025-04-11T02:00:23-07:00,0,8
style.css,77,css,b55788b4,Alexander Kuo,2025-04-11,02:00:23,-07:00,2025-04-11T02:00:23-07:00,0,0
style.css,78,css,b55788b4,Alexander Kuo,2025-04-11,02:00:23,-07:00,2025-04-11T02:00:23-07:00,0,0
style.css,79,css,b55788b4,Alexander Kuo,2025-04-11,02:00:23,-07:00,2025-04-11T02:00:23-07:00,0,6
style.css,80,css,b55788b4,Alexander Kuo,2025-04-11,02:00:23,-07:00,2025-04-11T02:00:23-07:00,0,13
style.css,81,css,b55788b4,Alexander Kuo,2025-04-11,02:00:23,-07:00,2025-04-11T02:00:23-07:00,0,30
style.css,82,css,b55788b4,Alexander Kuo,2025-04-11,02:00:23,-07:00,2025-04-11T02:00:23-07:00,0,19
style.css,83,css,b55788b4,Alexander Kuo,2025-04-11,02:00:23,-07:00,2025-04-11T02:00:23-07:00,0,0
style.css,84,css,b55788b4,Alexander Kuo,2025-04-11,02:00:23,-07:00,2025-04-11T02:00:23-07:00,0,0
style.css,85,css,b55788b4,Alexander Kuo,2025-04-11,02:00:23,-07:00,2025-04-11T02:00:23-07:00,0,10
style.css,86,css,b55788b4,Alexander Kuo,2025-04-11,02:00:23,-07:00,2025-04-11T02:00:23-07:00,0,13
style.css,87,css,b55788b4,Alexander Kuo,2025-04-11,02:00:23,-07:00,2025-04-11T02:00:23-07:00,0,59
style.css,88,css,be068bf2,Alexander Kuo,2025-04-11,18:30:09,-07:00,2025-04-11T18:30:09-07:00,0,8
style.css,89,css,b55788b4,Alexander Kuo,2025-04-11,02:00:23,-07:00,2025-04-11T02:00:23-07:00,0,0
style.css,90,css,b55788b4,Alexander Kuo,2025-04-11,02:00:23,-07:00,2025-04-11T02:00:23-07:00,0,0
style.css,91,css,b55788b4,Alexander Kuo,2025-04-11,02:00:23,-07:00,2025-04-11T02:00:23-07:00,0,8
style.css,92,css,b55788b4,Alexander Kuo,2025-04-11,02:00:23,-07:00,2025-04-11T02:00:23-07:00,0,27
style.css,93,css,b55788b4,Alexander Kuo,2025-04-11,02:00:23,-07:00,2025-04-11T02:00:23-07:00,0,16
style.css,94,css,b55788b4,Alexander Kuo,2025-04-11,02:00:23,-07:00,2025-04-11T02:00:23-07:00,0,8
style.css,95,css,b55788b4,Alexander Kuo,2025-04-11,02:00:23,-07:00,2025-04-11T02:00:23-07:00,0,0
style.css,96,css,b55788b4,Alexander Kuo,2025-04-11,02:00:23,-07:00,2025-04-11T02:00:23-07:00,0,0
style.css,97,css,be068bf2,Alexander Kuo,2025-04-11,18:30:09,-07:00,2025-04-11T18:30:09-07:00,0,11
style.css,98,css,be068bf2,Alexander Kuo,2025-04-11,18:30:09,-07:00,2025-04-11T18:30:09-07:00,0,13
style.css,99,css,be068bf2,Alexander Kuo,2025-04-11,18:30:09,-07:00,2025-04-11T18:30:09-07:00,0,0
style.css,100,css,be068bf2,Alexander Kuo,2025-04-11,18:30:09,-07:00,2025-04-11T18:30:09-07:00,0,0
style.css,101,css,b55788b4,Alexander Kuo,2025-04-11,02:00:23,-07:00,2025-04-11T02:00:23-07:00,0,3
style.css,102,css,be068bf2,Alexander Kuo,2025-04-11,18:30:09,-07:00,2025-04-11T18:30:09-07:00,0,15
style.css,103,css,be068bf2,Alexander Kuo,2025-04-11,18:30:09,-07:00,2025-04-11T18:30:09-07:00,0,16
style.css,104,css,be068bf2,Alexander Kuo,2025-04-11,18:30:09,-07:00,2025-04-11T18:30:09-07:00,0,16
style.css,105,css,be068bf2,Alexander Kuo,2025-04-11,18:30:09,-07:00,2025-04-11T18:30:09-07:00,0,19
style.css,106,css,b55788b4,Alexander Kuo,2025-04-11,02:00:23,-07:00,2025-04-11T02:00:23-07:00,0,0
style.css,107,css,b55788b4,Alexander Kuo,2025-04-11,02:00:23,-07:00,2025-04-11T02:00:23-07:00,0,0
style.css,108,css,af391010,Alexander Kuo,2025-04-11,19:55:36,-07:00,2025-04-11T19:55:36-07:00,0,11
style.css,109,css,af391010,Alexander Kuo,2025-04-11,19:55:36,-07:00,2025-04-11T19:55:36-07:00,0,15
style.css,110,css,af391010,Alexander Kuo,2025-04-11,19:55:36,-07:00,2025-04-11T19:55:36-07:00,0,0
style.css,111,css,af391010,Alexander Kuo,2025-04-11,19:55:36,-07:00,2025-04-11T19:55:36-07:00,0,0
style.css,112,css,b55788b4,Alexander Kuo,2025-04-11,02:00:23,-07:00,2025-04-11T02:00:23-07:00,0,3
style.css,113,css,b55788b4,Alexander Kuo,2025-04-11,02:00:23,-07:00,2025-04-11T02:00:23-07:00,0,9
style.css,114,css,16f29635,Alexander Kuo,2025-04-11,20:16:43,-07:00,2025-04-11T20:16:43-07:00,0,16
style.css,115,css,16f29635,Alexander Kuo,2025-04-11,20:16:43,-07:00,2025-04-11T20:16:43-07:00,0,26
style.css,116,css,b55788b4,Alexander Kuo,2025-04-11,02:00:23,-07:00,2025-04-11T02:00:23-07:00,0,0
style.css,117,css,b55788b4,Alexander Kuo,2025-04-11,02:00:23,-07:00,2025-04-11T02:00:23-07:00,0,0
style.css,118,css,be068bf2,Alexander Kuo,2025-04-11,18:30:09,-07:00,2025-04-11T18:30:09-07:00,0,3
style.css,119,css,be068bf2,Alexander Kuo,2025-04-11,18:30:09,-07:00,2025-04-11T18:30:09-07:00,0,15
style.css,120,css,be068bf2,Alexander Kuo,2025-04-11,18:30:09,-07:00,2025-04-11T18:30:09-07:00,0,16
style.css,121,css,be068bf2,Alexander Kuo,2025-04-11,18:30:09,-07:00,2025-04-11T18:30:09-07:00,0,17
style.css,122,css,be068bf2,Alexander Kuo,2025-04-11,18:30:09,-07:00,2025-04-11T18:30:09-07:00,0,16
style.css,123,css,be068bf2,Alexander Kuo,2025-04-11,18:30:09,-07:00,2025-04-11T18:30:09-07:00,0,18
style.css,124,css,be068bf2,Alexander Kuo,2025-04-11,18:30:09,-07:00,2025-04-11T18:30:09-07:00,0,18
style.css,125,css,be068bf2,Alexander Kuo,2025-04-11,18:30:09,-07:00,2025-04-11T18:30:09-07:00,0,0
style.css,126,css,be068bf2,Alexander Kuo,2025-04-11,18:30:09,-07:00,2025-04-11T18:30:09-07:00,0,0
style.css,127,css,be068bf2,Alexander Kuo,2025-04-11,18:30:09,-07:00,2025-04-11T18:30:09-07:00,0,12
style.css,128,css,be068bf2,Alexander Kuo,2025-04-11,18:30:09,-07:00,2025-04-11T18:30:09-07:00,0,8
style.css,129,css,be068bf2,Alexander Kuo,2025-04-11,18:30:09,-07:00,2025-04-11T18:30:09-07:00,0,0
style.css,130,css,be068bf2,Alexander Kuo,2025-04-11,18:30:09,-07:00,2025-04-11T18:30:09-07:00,0,0
style.css,131,css,be068bf2,Alexander Kuo,2025-04-11,18:30:09,-07:00,2025-04-11T18:30:09-07:00,0,15
style.css,132,css,be068bf2,Alexander Kuo,2025-04-11,18:30:09,-07:00,2025-04-11T18:30:09-07:00,0,12
style.css,133,css,be068bf2,Alexander Kuo,2025-04-11,18:30:09,-07:00,2025-04-11T18:30:09-07:00,0,0
style.css,134,css,be068bf2,Alexander Kuo,2025-04-11,18:30:09,-07:00,2025-04-11T18:30:09-07:00,0,0
style.css,135,css,b55788b4,Alexander Kuo,2025-04-11,02:00:23,-07:00,2025-04-11T02:00:23-07:00,0,7
style.css,136,css,b55788b4,Alexander Kuo,2025-04-11,02:00:23,-07:00,2025-04-11T02:00:23-07:00,0,13
style.css,137,css,b55788b4,Alexander Kuo,2025-04-11,02:00:23,-07:00,2025-04-11T02:00:23-07:00,0,37
style.css,138,css,be068bf2,Alexander Kuo,2025-04-11,18:30:09,-07:00,2025-04-11T18:30:09-07:00,0,24
style.css,139,css,be068bf2,Alexander Kuo,2025-04-11,18:30:09,-07:00,2025-04-11T18:30:09-07:00,0,15
style.css,140,css,af391010,Alexander Kuo,2025-04-11,19:55:36,-07:00,2025-04-11T19:55:36-07:00,0,27
style.css,141,css,be068bf2,Alexander Kuo,2025-04-11,18:30:09,-07:00,2025-04-11T18:30:09-07:00,0,0
style.css,142,css,be068bf2,Alexander Kuo,2025-04-11,18:30:09,-07:00,2025-04-11T18:30:09-07:00,0,0
style.css,143,css,be068bf2,Alexander Kuo,2025-04-11,18:30:09,-07:00,2025-04-11T18:30:09-07:00,0,5
style.css,144,css,be068bf2,Alexander Kuo,2025-04-11,18:30:09,-07:00,2025-04-11T18:30:09-07:00,0,44
style.css,145,css,b55788b4,Alexander Kuo,2025-04-11,02:00:23,-07:00,2025-04-11T02:00:23-07:00,0,0
style.css,146,css,b55788b4,Alexander Kuo,2025-04-11,02:00:23,-07:00,2025-04-11T02:00:23-07:00,0,0
style.css,147,css,be068bf2,Alexander Kuo,2025-04-11,18:30:09,-07:00,2025-04-11T18:30:09-07:00,0,8
style.css,148,css,be068bf2,Alexander Kuo,2025-04-11,18:30:09,-07:00,2025-04-11T18:30:09-07:00,0,41
style.css,149,css,be068bf2,Alexander Kuo,2025-04-11,18:30:09,-07:00,2025-04-11T18:30:09-07:00,0,0
style.css,150,css,b55788b4,Alexander Kuo,2025-04-11,02:00:23,-07:00,2025-04-11T02:00:23-07:00,0,0
style.css,151,css,be068bf2,Alexander Kuo,2025-04-11,18:30:09,-07:00,2025-04-11T18:30:09-07:00,0,7
style.css,152,css,af391010,Alexander Kuo,2025-04-11,19:55:36,-07:00,2025-04-11T19:55:36-07:00,0,15
style.css,153,css,be068bf2,Alexander Kuo,2025-04-11,18:30:09,-07:00,2025-04-11T18:30:09-07:00,0,13
style.css,154,css,be068bf2,Alexander Kuo,2025-04-11,18:30:09,-07:00,2025-04-11T18:30:09-07:00,0,30
style.css,155,css,be068bf2,Alexander Kuo,2025-04-11,18:30:09,-07:00,2025-04-11T18:30:09-07:00,0,11
style.css,156,css,e4af2043,Alexander Kuo,2025-04-11,19:24:41,-07:00,2025-04-11T19:24:41-07:00,0,0
style.css,157,css,e4af2043,Alexander Kuo,2025-04-11,19:24:41,-07:00,2025-04-11T19:24:41-07:00,0,0
style.css,158,css,e4af2043,Alexander Kuo,2025-04-11,19:24:41,-07:00,2025-04-11T19:24:41-07:00,0,9
style.css,159,css,e4af2043,Alexander Kuo,2025-04-11,19:24:41,-07:00,2025-04-11T19:24:41-07:00,0,9
style.css,160,css,e4af2043,Alexander Kuo,2025-04-11,19:24:41,-07:00,2025-04-11T19:24:41-07:00,0,10
style.css,161,css,e4af2043,Alexander Kuo,2025-04-11,19:24:41,-07:00,2025-04-11T19:24:41-07:00,0,17
style.css,162,css,be068bf2,Alexander Kuo,2025-04-11,18:30:09,-07:00,2025-04-11T18:30:09-07:00,0,0
style.css,163,css,be068bf2,Alexander Kuo,2025-04-11,18:30:09,-07:00,2025-04-11T18:30:09-07:00,0,0
style.css,164,css,af391010,Alexander Kuo,2025-04-11,19:55:36,-07:00,2025-04-11T19:55:36-07:00,0,10
style.css,165,css,af391010,Alexander Kuo,2025-04-11,19:55:36,-07:00,2025-04-11T19:55:36-07:00,0,13
style.css,166,css,af391010,Alexander Kuo,2025-04-11,19:55:36,-07:00,2025-04-11T19:55:36-07:00,0,0
style.css,167,css,af391010,Alexander Kuo,2025-04-11,19:55:36,-07:00,2025-04-11T19:55:36-07:00,0,0
style.css,168,css,af391010,Alexander Kuo,2025-04-11,19:55:36,-07:00,2025-04-11T19:55:36-07:00,0,12
style.css,169,css,af391010,Alexander Kuo,2025-04-11,19:55:36,-07:00,2025-04-11T19:55:36-07:00,0,7
style.css,170,css,af391010,Alexander Kuo,2025-04-11,19:55:36,-07:00,2025-04-11T19:55:36-07:00,0,21
style.css,171,css,af391010,Alexander Kuo,2025-04-11,19:55:36,-07:00,2025-04-11T19:55:36-07:00,0,14
style.css,172,css,af391010,Alexander Kuo,2025-04-11,19:55:36,-07:00,2025-04-11T19:55:36-07:00,0,18
style.css,173,css,af391010,Alexander Kuo,2025-04-11,19:55:36,-07:00,2025-04-11T19:55:36-07:00,0,14
style.css,174,css,af391010,Alexander Kuo,2025-04-11,19:55:36,-07:00,2025-04-11T19:55:36-07:00,0,18
style.css,175,css,af391010,Alexander Kuo,2025-04-11,19:55:36,-07:00,2025-04-11T19:55:36-07:00,0,43
style.css,176,css,af391010,Alexander Kuo,2025-04-11,19:55:36,-07:00,2025-04-11T19:55:36-07:00,0,0
style.css,177,css,af391010,Alexander Kuo,2025-04-11,19:55:36,-07:00,2025-04-11T19:55:36-07:00,0,0
style.css,178,css,af391010,Alexander Kuo,2025-04-11,19:55:36,-07:00,2025-04-11T19:55:36-07:00,0,16
style.css,179,css,af391010,Alexander Kuo,2025-04-11,19:55:36,-07:00,2025-04-11T19:55:36-07:00,0,17
style.css,180,css,af391010,Alexander Kuo,2025-04-11,19:55:36,-07:00,2025-04-11T19:55:36-07:00,0,0
style.css,181,css,af391010,Alexander Kuo,2025-04-11,19:55:36,-07:00,2025-04-11T19:55:36-07:00,0,0
style.css,182,css,be068bf2,Alexander Kuo,2025-04-11,18:30:09,-07:00,2025-04-11T18:30:09-07:00,0,3
style.css,183,css,af391010,Alexander Kuo,2025-04-11,19:55:36,-07:00,2025-04-11T19:55:36-07:00,0,17
style.css,184,css,be068bf2,Alexander Kuo,2025-04-11,18:30:09,-07:00,2025-04-11T18:30:09-07:00,0,16
style.css,185,css,be068bf2,Alexander Kuo,2025-04-11,18:30:09,-07:00,2025-04-11T18:30:09-07:00,0,10
style.css,186,css,be068bf2,Alexander Kuo,2025-04-11,18:30:09,-07:00,2025-04-11T18:30:09-07:00,0,21
style.css,187,css,16f29635,Alexander Kuo,2025-04-11,20:16:43,-07:00,2025-04-11T20:16:43-07:00,0,0
style.css,188,css,be068bf2,Alexander Kuo,2025-04-11,18:30:09,-07:00,2025-04-11T18:30:09-07:00,0,0
style.css,189,css,af391010,Alexander Kuo,2025-04-11,19:55:36,-07:00,2025-04-11T19:55:36-07:00,0,0
style.css,190,css,e4af2043,Alexander Kuo,2025-04-11,19:24:41,-07:00,2025-04-11T19:24:41-07:00,0,6
style.css,191,css,e4af2043,Alexander Kuo,2025-04-11,19:24:41,-07:00,2025-04-11T19:24:41-07:00,0,17
style.css,192,css,e4af2043,Alexander Kuo,2025-04-11,19:24:41,-07:00,2025-04-11T19:24:41-07:00,0,0
style.css,193,css,e4af2043,Alexander Kuo,2025-04-11,19:24:41,-07:00,2025-04-11T19:24:41-07:00,0,0
style.css,194,css,16f29635,Alexander Kuo,2025-04-11,20:16:43,-07:00,2025-04-11T20:16:43-07:00,0,14
style.css,195,css,16f29635,Alexander Kuo,2025-04-11,20:16:43,-07:00,2025-04-11T20:16:43-07:00,0,26
style.css,196,css,16f29635,Alexander Kuo,2025-04-11,20:16:43,-07:00,2025-04-11T20:16:43-07:00,0,0
style.css,197,css,16f29635,Alexander Kuo,2025-04-11,20:16:43,-07:00,2025-04-11T20:16:43-07:00,0,0
style.css,198,css,86d0a627,Alexander Kuo,2025-04-18,21:09:50,-07:00,2025-04-18T21:09:50-07:00,0,14
style.css,199,css,86d0a627,Alexander Kuo,2025-04-18,21:09:50,-07:00,2025-04-18T21:09:50-07:00,0,18
style.css,200,css,86d0a627,Alexander Kuo,2025-04-18,21:09:50,-07:00,2025-04-18T21:09:50-07:00,0,9
style.css,201,css,86d0a627,Alexander Kuo,2025-04-18,21:09:50,-07:00,2025-04-18T21:09:50-07:00,0,11
style.css,202,css,86d0a627,Alexander Kuo,2025-04-18,21:09:50,-07:00,2025-04-18T21:09:50-07:00,0,14
style.css,203,css,86d0a627,Alexander Kuo,2025-04-18,21:09:50,-07:00,2025-04-18T21:09:50-07:00,0,20
style.css,204,css,86d0a627,Alexander Kuo,2025-04-18,21:09:50,-07:00,2025-04-18T21:09:50-07:00,0,0
style.css,205,css,86d0a627,Alexander Kuo,2025-04-18,21:09:50,-07:00,2025-04-18T21:09:50-07:00,0,0
style.css,206,css,86d0a627,Alexander Kuo,2025-04-18,21:09:50,-07:00,2025-04-18T21:09:50-07:00,0,9
style.css,207,css,86d0a627,Alexander Kuo,2025-04-18,21:09:50,-07:00,2025-04-18T21:09:50-07:00,0,20
style.css,208,css,86d0a627,Alexander Kuo,2025-04-18,21:09:50,-07:00,2025-04-18T21:09:50-07:00,0,0
style.css,209,css,86d0a627,Alexander Kuo,2025-04-18,21:09:50,-07:00,2025-04-18T21:09:50-07:00,0,0
style.css,210,css,3d7a5d47,Alexander Kuo,2025-04-25,23:24:50,-07:00,2025-04-25T23:24:50-07:00,0,10
style.css,211,css,3d7a5d47,Alexander Kuo,2025-04-25,23:24:50,-07:00,2025-04-25T23:24:50-07:00,0,12
style.css,212,css,3d7a5d47,Alexander Kuo,2025-04-25,23:24:50,-07:00,2025-04-25T23:24:50-07:00,0,15
style.css,213,css,3d7a5d47,Alexander Kuo,2025-04-25,23:24:50,-07:00,2025-04-25T23:24:50-07:00,0,0
style.css,214,css,3d7a5d47,Alexander Kuo,2025-04-25,23:24:50,-07:00,2025-04-25T23:24:50-07:00,0,0
style.css,215,css,3d7a5d47,Alexander Kuo,2025-04-25,23:24:50,-07:00,2025-04-25T23:24:50-07:00,0,10
style.css,216,css,3d7a5d47,Alexander Kuo,2025-04-25,23:24:50,-07:00,2025-04-25T23:24:50-07:00,0,12
style.css,217,css,3d7a5d47,Alexander Kuo,2025-04-25,23:24:50,-07:00,2025-04-25T23:24:50-07:00,0,14
style.css,218,css,3d7a5d47,Alexander Kuo,2025-04-25,23:24:50,-07:00,2025-04-25T23:24:50-07:00,0,0
style.css,219,css,3d7a5d47,Alexander Kuo,2025-04-25,23:24:50,-07:00,2025-04-25T23:24:50-07:00,0,0
style.css,220,css,3d7a5d47,Alexander Kuo,2025-04-25,23:24:50,-07:00,2025-04-25T23:24:50-07:00,0,15
style.css,221,css,3d7a5d47,Alexander Kuo,2025-04-25,23:24:50,-07:00,2025-04-25T23:24:50-07:00,0,11
style.css,222,css,3d7a5d47,Alexander Kuo,2025-04-25,23:24:50,-07:00,2025-04-25T23:24:50-07:00,0,0
style.css,223,css,3d7a5d47,Alexander Kuo,2025-04-25,23:24:50,-07:00,2025-04-25T23:24:50-07:00,0,0
style.css,224,css,3d7a5d47,Alexander Kuo,2025-04-25,23:24:50,-07:00,2025-04-25T23:24:50-07:00,0,18
style.css,225,css,3d7a5d47,Alexander Kuo,2025-04-25,23:24:50,-07:00,2025-04-25T23:24:50-07:00,0,13
style.css,226,css,3d7a5d47,Alexander Kuo,2025-04-25,23:24:50,-07:00,2025-04-25T23:24:50-07:00,0,37
style.css,227,css,3d7a5d47,Alexander Kuo,2025-04-25,23:24:50,-07:00,2025-04-25T23:24:50-07:00,0,0
style.css,228,css,3d7a5d47,Alexander Kuo,2025-04-25,23:24:50,-07:00,2025-04-25T23:24:50-07:00,0,0
style.css,229,css,3d7a5d47,Alexander Kuo,2025-04-25,23:24:50,-07:00,2025-04-25T23:24:50-07:00,0,18
style.css,230,css,3d7a5d47,Alexander Kuo,2025-04-25,23:24:50,-07:00,2025-04-25T23:24:50-07:00,0,17
style.css,231,css,3d7a5d47,Alexander Kuo,2025-04-25,23:24:50,-07:00,2025-04-25T23:24:50-07:00,0,11
style.css,232,css,3d7a5d47,Alexander Kuo,2025-04-25,23:24:50,-07:00,2025-04-25T23:24:50-07:00,0,11
style.css,233,css,3d7a5d47,Alexander Kuo,2025-04-25,23:24:50,-07:00,2025-04-25T23:24:50-07:00,0,0
style.css,234,css,3d7a5d47,Alexander Kuo,2025-04-25,23:24:50,-07:00,2025-04-25T23:24:50-07:00,0,0
style.css,235,css,3d7a5d47,Alexander Kuo,2025-04-25,23:24:50,-07:00,2025-04-25T23:24:50-07:00,0,18
style.css,236,css,3d7a5d47,Alexander Kuo,2025-04-25,23:24:50,-07:00,2025-04-25T23:24:50-07:00,0,11
style.css,237,css,3d7a5d47,Alexander Kuo,2025-04-25,23:24:50,-07:00,2025-04-25T23:24:50-07:00,0,15
style.css,238,css,3d7a5d47,Alexander Kuo,2025-04-25,23:24:50,-07:00,2025-04-25T23:24:50-07:00,0,14
style.css,239,css,3d7a5d47,Alexander Kuo,2025-04-25,23:24:50,-07:00,2025-04-25T23:24:50-07:00,0,0
style.css,240,css,3d7a5d47,Alexander Kuo,2025-04-25,23:24:50,-07:00,2025-04-25T23:24:50-07:00,0,0
style.css,241,css,3d7a5d47,Alexander Kuo,2025-04-25,23:24:50,-07:00,2025-04-25T23:24:50-07:00,0,4
style.css,242,css,3d7a5d47,Alexander Kuo,2025-04-25,23:24:50,-07:00,2025-04-25T23:24:50-07:00,0,11
style.css,243,css,3d7a5d47,Alexander Kuo,2025-04-25,23:24:50,-07:00,2025-04-25T23:24:50-07:00,0,0
style.css,244,css,3d7a5d47,Alexander Kuo,2025-04-25,23:24:50,-07:00,2025-04-25T23:24:50-07:00,0,0
style.css,245,css,2baddab1,Alexander Kuo,2025-05-03,20:32:42,-07:00,2025-05-03T20:32:42-07:00,0,7
style.css,246,css,2baddab1,Alexander Kuo,2025-05-03,20:32:42,-07:00,2025-05-03T20:32:42-07:00,0,24
style.css,247,css,2baddab1,Alexander Kuo,2025-05-03,20:32:42,-07:00,2025-05-03T20:32:42-07:00,0,35
style.css,248,css,2baddab1,Alexander Kuo,2025-05-03,20:32:42,-07:00,2025-05-03T20:32:42-07:00,0,0
style.css,249,css,2baddab1,Alexander Kuo,2025-05-03,20:32:42,-07:00,2025-05-03T20:32:42-07:00,0,0
style.css,250,css,2baddab1,Alexander Kuo,2025-05-03,20:32:42,-07:00,2025-05-03T20:32:42-07:00,0,10
style.css,251,css,2baddab1,Alexander Kuo,2025-05-03,20:32:42,-07:00,2025-05-03T20:32:42-07:00,0,13
style.css,252,css,2baddab1,Alexander Kuo,2025-05-03,20:32:42,-07:00,2025-05-03T20:32:42-07:00,0,7
style.css,253,css,2baddab1,Alexander Kuo,2025-05-03,20:32:42,-07:00,2025-05-03T20:32:42-07:00,0,58
style.css,254,css,2baddab1,Alexander Kuo,2025-05-03,20:32:42,-07:00,2025-05-03T20:32:42-07:00,0,14
style.css,255,css,2baddab1,Alexander Kuo,2025-05-03,20:32:42,-07:00,2025-05-03T20:32:42-07:00,0,19
style.css,256,css,2baddab1,Alexander Kuo,2025-05-03,20:32:42,-07:00,2025-05-03T20:32:42-07:00,0,17
style.css,257,css,2baddab1,Alexander Kuo,2025-05-03,20:32:42,-07:00,2025-05-03T20:32:42-07:00,0,12
style.css,258,css,2baddab1,Alexander Kuo,2025-05-03,20:32:42,-07:00,2025-05-03T20:32:42-07:00,0,19
style.css,259,css,2baddab1,Alexander Kuo,2025-05-03,20:32:42,-07:00,2025-05-03T20:32:42-07:00,0,0
style.css,260,css,2baddab1,Alexander Kuo,2025-05-03,20:32:42,-07:00,2025-05-03T20:32:42-07:00,0,0
style.css,261,css,2baddab1,Alexander Kuo,2025-05-03,20:32:42,-07:00,2025-05-03T20:32:42-07:00,0,11
style.css,262,css,2baddab1,Alexander Kuo,2025-05-03,20:32:42,-07:00,2025-05-03T20:32:42-07:00,0,13
style.css,263,css,2baddab1,Alexander Kuo,2025-05-03,20:32:42,-07:00,2025-05-03T20:32:42-07:00,0,7
style.css,264,css,2baddab1,Alexander Kuo,2025-05-03,20:32:42,-07:00,2025-05-03T20:32:42-07:00,0,8
style.css,265,css,2baddab1,Alexander Kuo,2025-05-03,20:32:42,-07:00,2025-05-03T20:32:42-07:00,0,19
style.css,266,css,2baddab1,Alexander Kuo,2025-05-03,20:32:42,-07:00,2025-05-03T20:32:42-07:00,0,0
style.css,267,css,2baddab1,Alexander Kuo,2025-05-03,20:32:42,-07:00,2025-05-03T20:32:42-07:00,0,0
style.css,268,css,2baddab1,Alexander Kuo,2025-05-03,20:32:42,-07:00,2025-05-03T20:32:42-07:00,0,32
style.css,269,css,2baddab1,Alexander Kuo,2025-05-03,20:32:42,-07:00,2025-05-03T20:32:42-07:00,0,36
style.css,270,css,2baddab1,Alexander Kuo,2025-05-03,20:32:42,-07:00,2025-05-03T20:32:42-07:00,0,0
style.css,271,css,2baddab1,Alexander Kuo,2025-05-03,20:32:42,-07:00,2025-05-03T20:32:42-07:00,0,0
style.css,272,css,2baddab1,Alexander Kuo,2025-05-03,20:32:42,-07:00,2025-05-03T20:32:42-07:00,0,12
style.css,273,css,2baddab1,Alexander Kuo,2025-05-03,20:32:42,-07:00,2025-05-03T20:32:42-07:00,0,19
style.css,274,css,2baddab1,Alexander Kuo,2025-05-03,20:32:42,-07:00,2025-05-03T20:32:42-07:00,0,9
style.css,275,css,2baddab1,Alexander Kuo,2025-05-03,20:32:42,-07:00,2025-05-03T20:32:42-07:00,0,10
style.css,276,css,2baddab1,Alexander Kuo,2025-05-03,20:32:42,-07:00,2025-05-03T20:32:42-07:00,0,11
style.css,277,css,2baddab1,Alexander Kuo,2025-05-03,20:32:42,-07:00,2025-05-03T20:32:42-07:00,0,18
style.css,278,css,2baddab1,Alexander Kuo,2025-05-03,20:32:42,-07:00,2025-05-03T20:32:42-07:00,0,22
style.css,279,css,2baddab1,Alexander Kuo,2025-05-03,20:32:42,-07:00,2025-05-03T20:32:42-07:00,0,19
style.css,280,css,2baddab1,Alexander Kuo,2025-05-03,20:32:42,-07:00,2025-05-03T20:32:42-07:00,0,0
style.css,281,css,2baddab1,Alexander Kuo,2025-05-03,20:32:42,-07:00,2025-05-03T20:32:42-07:00,0,0
style.css,282,css,2baddab1,Alexander Kuo,2025-05-03,20:32:42,-07:00,2025-05-03T20:32:42-07:00,0,14
style.css,283,css,2baddab1,Alexander Kuo,2025-05-03,20:32:42,-07:00,2025-05-03T20:32:42-07:00,0,13
style.css,284,css,2baddab1,Alexander Kuo,2025-05-03,20:32:42,-07:00,2025-05-03T20:32:42-07:00,0,7
style.css,285,css,2baddab1,Alexander Kuo,2025-05-03,20:32:42,-07:00,2025-05-03T20:32:42-07:00,0,9
style.css,286,css,2baddab1,Alexander Kuo,2025-05-03,20:32:42,-07:00,2025-05-03T20:32:42-07:00,0,15
style.css,287,css,2baddab1,Alexander Kuo,2025-05-03,20:32:42,-07:00,2025-05-03T20:32:42-07:00,0,0
style.css,288,css,2baddab1,Alexander Kuo,2025-05-03,20:32:42,-07:00,2025-05-03T20:32:42-07:00,0,0
style.css,289,css,2baddab1,Alexander Kuo,2025-05-03,20:32:42,-07:00,2025-05-03T20:32:42-07:00,0,4
style.css,290,css,2baddab1,Alexander Kuo,2025-05-03,20:32:42,-07:00,2025-05-03T20:32:42-07:00,0,16
style.css,291,css,2baddab1,Alexander Kuo,2025-05-03,20:32:42,-07:00,2025-05-03T20:32:42-07:00,0,17
style.css,292,css,2baddab1,Alexander Kuo,2025-05-03,20:32:42,-07:00,2025-05-03T20:32:42-07:00,0,12
style.css,293,css,2baddab1,Alexander Kuo,2025-05-03,20:32:42,-07:00,2025-05-03T20:32:42-07:00,0,14
style.css,294,css,2baddab1,Alexander Kuo,2025-05-03,20:32:42,-07:00,2025-05-03T20:32:42-07:00,0,0
style.css,295,css,2baddab1,Alexander Kuo,2025-05-03,20:32:42,-07:00,2025-05-03T20:32:42-07:00,0,0
style.css,296,css,2baddab1,Alexander Kuo,2025-05-03,20:32:42,-07:00,2025-05-03T20:32:42-07:00,0,16
style.css,297,css,2baddab1,Alexander Kuo,2025-05-03,20:32:42,-07:00,2025-05-03T20:32:42-07:00,0,13
style.css,298,css,2baddab1,Alexander Kuo,2025-05-03,20:32:42,-07:00,2025-05-03T20:32:42-07:00,0,7
style.css,299,css,2baddab1,Alexander Kuo,2025-05-03,20:32:42,-07:00,2025-05-03T20:32:42-07:00,0,15
style.css,300,css,2baddab1,Alexander Kuo,2025-05-03,20:32:42,-07:00,2025-05-03T20:32:42-07:00,0,11
style.css,301,css,2baddab1,Alexander Kuo,2025-05-03,20:32:42,-07:00,2025-05-03T20:32:42-07:00,0,15
style.css,302,css,2baddab1,Alexander Kuo,2025-05-03,20:32:42,-07:00,2025-05-03T20:32:42-07:00,0,18
style.css,303,css,2baddab1,Alexander Kuo,2025-05-03,20:32:42,-07:00,2025-05-03T20:32:42-07:00,0,0
style.css,304,css,2baddab1,Alexander Kuo,2025-05-03,20:32:42,-07:00,2025-05-03T20:32:42-07:00,0,0
style.css,305,css,2baddab1,Alexander Kuo,2025-05-03,20:32:42,-07:00,2025-05-03T20:32:42-07:00,0,18
style.css,306,css,2baddab1,Alexander Kuo,2025-05-03,20:32:42,-07:00,2025-05-03T20:32:42-07:00,0,17
style.css,307,css,2baddab1,Alexander Kuo,2025-05-03,20:32:42,-07:00,2025-05-03T20:32:42-07:00,0,12
style.css,308,css,2baddab1,Alexander Kuo,2025-05-03,20:32:42,-07:00,2025-05-03T20:32:42-07:00,0,0
style.css,309,css,2baddab1,Alexander Kuo,2025-05-03,20:32:42,-07:00,2025-05-03T20:32:42-07:00,0,0
style.css,310,css,2baddab1,Alexander Kuo,2025-05-03,20:32:42,-07:00,2025-05-03T20:32:42-07:00,0,0
style.css,311,css,2baddab1,Alexander Kuo,2025-05-03,20:32:42,-07:00,2025-05-03T20:32:42-07:00,0,5
style.css,312,css,2baddab1,Alexander Kuo,2025-05-03,20:32:42,-07:00,2025-05-03T20:32:42-07:00,0,17
style.css,313,css,2baddab1,Alexander Kuo,2025-05-03,20:32:42,-07:00,2025-05-03T20:32:42-07:00,0,15
style.css,314,css,2baddab1,Alexander Kuo,2025-05-03,20:32:42,-07:00,2025-05-03T20:32:42-07:00,0,0
style.css,315,css,2baddab1,Alexander Kuo,2025-05-03,20:32:42,-07:00,2025-05-03T20:32:42-07:00,0,0
style.css,316,css,2baddab1,Alexander Kuo,2025-05-03,20:32:42,-07:00,2025-05-03T20:32:42-07:00,0,10
style.css,317,css,2baddab1,Alexander Kuo,2025-05-03,20:32:42,-07:00,2025-05-03T20:32:42-07:00,0,36
style.css,318,css,2baddab1,Alexander Kuo,2025-05-03,20:32:42,-07:00,2025-05-03T20:32:42-07:00,0,7
style.css,319,css,2baddab1,Alexander Kuo,2025-05-03,20:32:42,-07:00,2025-05-03T20:32:42-07:00,0,45
style.css,320,css,2baddab1,Alexander Kuo,2025-05-03,20:32:42,-07:00,2025-05-03T20:32:42-07:00,0,0
style.css,321,css,2baddab1,Alexander Kuo,2025-05-03,20:32:42,-07:00,2025-05-03T20:32:42-07:00,0,11
style.css,322,css,2baddab1,Alexander Kuo,2025-05-03,20:32:42,-07:00,2025-05-03T20:32:42-07:00,0,18
style.css,323,css,2baddab1,Alexander Kuo,2025-05-03,20:32:42,-07:00,2025-05-03T20:32:42-07:00,0,0
style.css,324,css,2baddab1,Alexander Kuo,2025-05-03,20:32:42,-07:00,2025-05-03T20:32:42-07:00,0,0
style.css,325,css,3d7a5d47,Alexander Kuo,2025-04-25,23:24:50,-07:00,2025-04-25T23:24:50-07:00,0,0
style.css,326,css,3d7a5d47,Alexander Kuo,2025-04-25,23:24:50,-07:00,2025-04-25T23:24:50-07:00,0,5
style.css,327,css,be068bf2,Alexander Kuo,2025-04-11,18:30:09,-07:00,2025-04-11T18:30:09-07:00,0,22
style.css,328,css,be068bf2,Alexander Kuo,2025-04-11,18:30:09,-07:00,2025-04-11T18:30:09-07:00,0,4
index.js,1,js,3d7a5d47,Alexander Kuo,2025-04-25,23:24:50,-07:00,2025-04-25T23:24:50-07:00,0,72
index.js,2,js,3d7a5d47,Alexander Kuo,2025-04-25,23:24:50,-07:00,2025-04-25T23:24:50-07:00,0,55
index.js,3,js,3d7a5d47,Alexander Kuo,2025-04-25,23:24:50,-07:00,2025-04-25T23:24:50-07:00,0,43
index.js,4,js,3d7a5d47,Alexander Kuo,2025-04-25,23:24:50,-07:00,2025-04-25T23:24:50-07:00,0,61
index.js,5,js,3d7a5d47,Alexander Kuo,2025-04-25,23:24:50,-07:00,2025-04-25T23:24:50-07:00,0,55
index.js,6,js,3d7a5d47,Alexander Kuo,2025-04-25,23:24:50,-07:00,2025-04-25T23:24:50-07:00,0,49
index.js,7,js,3d7a5d47,Alexander Kuo,2025-04-25,23:24:50,-07:00,2025-04-25T23:24:50-07:00,0,61
index.js,8,js,3d7a5d47,Alexander Kuo,2025-04-25,23:24:50,-07:00,2025-04-25T23:24:50-07:00,0,18
index.js,9,js,3d7a5d47,Alexander Kuo,2025-04-25,23:24:50,-07:00,2025-04-25T23:24:50-07:00,0,25
index.js,10,js,3d7a5d47,Alexander Kuo,2025-04-25,23:24:50,-07:00,2025-04-25T23:24:50-07:00,0,3
index.js,11,js,3d7a5d47,Alexander Kuo,2025-04-25,23:24:50,-07:00,2025-04-25T23:24:50-07:00,0,49
index.js,12,js,3d7a5d47,Alexander Kuo,2025-04-25,23:24:50,-07:00,2025-04-25T23:24:50-07:00,0,49
index.js,13,js,3d7a5d47,Alexander Kuo,2025-04-25,23:24:50,-07:00,2025-04-25T23:24:50-07:00,0,55
index.js,14,js,3d7a5d47,Alexander Kuo,2025-04-25,23:24:50,-07:00,2025-04-25T23:24:50-07:00,0,55
index.js,15,js,3d7a5d47,Alexander Kuo,2025-04-25,23:24:50,-07:00,2025-04-25T23:24:50-07:00,0,4
index.js,16,js,3d7a5d47,Alexander Kuo,2025-04-25,23:24:50,-07:00,2025-04-25T23:24:50-07:00,0,1
index.js,17,js,3d7a5d47,Alexander Kuo,2025-04-25,23:24:50,-07:00,2025-04-25T23:24:50-07:00,0,0
index.html,1,html,ceca68bc,Alexander Kuo,2025-04-03,21:42:13,-07:00,2025-04-03T21:42:13-07:00,0,14
index.html,2,html,ceca68bc,Alexander Kuo,2025-04-03,21:42:13,-07:00,2025-04-03T21:42:13-07:00,0,15
index.html,3,html,ceca68bc,Alexander Kuo,2025-04-03,21:42:13,-07:00,2025-04-03T21:42:13-07:00,0,5
index.html,4,html,b55788b4,Alexander Kuo,2025-04-11,02:00:23,-07:00,2025-04-11T02:00:23-07:00,0,39
index.html,5,html,ceca68bc,Alexander Kuo,2025-04-03,21:42:13,-07:00,2025-04-03T21:42:13-07:00,0,21
index.html,6,html,ceca68bc,Alexander Kuo,2025-04-03,21:42:13,-07:00,2025-04-03T21:42:13-07:00,0,69
index.html,7,html,ceca68bc,Alexander Kuo,2025-04-03,21:42:13,-07:00,2025-04-03T21:42:13-07:00,0,56
index.html,8,html,ceca68bc,Alexander Kuo,2025-04-03,21:42:13,-07:00,2025-04-03T21:42:13-07:00,0,6
index.html,9,html,ceca68bc,Alexander Kuo,2025-04-03,21:42:13,-07:00,2025-04-03T21:42:13-07:00,0,5
index.html,10,html,86d0a627,Alexander Kuo,2025-04-18,21:09:50,-07:00,2025-04-18T21:09:50-07:00,0,46
index.html,11,html,86d0a627,Alexander Kuo,2025-04-18,21:09:50,-07:00,2025-04-18T21:09:50-07:00,0,9
index.html,12,html,86d0a627,Alexander Kuo,2025-04-18,21:09:50,-07:00,2025-04-18T21:09:50-07:00,0,28
index.html,13,html,b55788b4,Alexander Kuo,2025-04-11,02:00:23,-07:00,2025-04-11T02:00:23-07:00,0,41
index.html,14,html,b55788b4,Alexander Kuo,2025-04-11,02:00:23,-07:00,2025-04-11T02:00:23-07:00,0,39
index.html,15,html,b55788b4,Alexander Kuo,2025-04-11,02:00:23,-07:00,2025-04-11T02:00:23-07:00,0,61
index.html,16,html,b55788b4,Alexander Kuo,2025-04-11,02:00:23,-07:00,2025-04-11T02:00:23-07:00,0,39
index.html,17,html,86d0a627,Alexander Kuo,2025-04-18,21:09:50,-07:00,2025-04-18T21:09:50-07:00,0,9
index.html,18,html,ceca68bc,Alexander Kuo,2025-04-03,21:42:13,-07:00,2025-04-03T21:42:13-07:00,0,21
index.html,19,html,a5159b12,Alexander Kuo,2025-04-04,18:18:59,-07:00,2025-04-04T18:18:59-07:00,0,162
index.html,20,html,b55788b4,Alexander Kuo,2025-04-11,02:00:23,-07:00,2025-04-11T02:00:23-07:00,0,70
index.html,21,html,3d7a5d47,Alexander Kuo,2025-04-25,23:24:50,-07:00,2025-04-25T23:24:50-07:00,0,7
index.html,22,html,3d7a5d47,Alexander Kuo,2025-04-25,23:24:50,-07:00,2025-04-25T23:24:50-07:00,0,38
index.html,23,html,3d7a5d47,Alexander Kuo,2025-04-25,23:24:50,-07:00,2025-04-25T23:24:50-07:00,0,3
index.html,24,html,3d7a5d47,Alexander Kuo,2025-04-25,23:24:50,-07:00,2025-04-25T23:24:50-07:00,0,21
index.html,25,html,3d7a5d47,Alexander Kuo,2025-04-25,23:24:50,-07:00,2025-04-25T23:24:50-07:00,0,51
index.html,26,html,3d7a5d47,Alexander Kuo,2025-04-25,23:24:50,-07:00,2025-04-25T23:24:50-07:00,0,5
index.html,27,html,3d7a5d47,Alexander Kuo,2025-04-25,23:24:50,-07:00,2025-04-25T23:24:50-07:00,0,44
index.html,28,html,3d7a5d47,Alexander Kuo,2025-04-25,23:24:50,-07:00,2025-04-25T23:24:50-07:00,0,23
index.html,29,html,3d7a5d47,Alexander Kuo,2025-04-25,23:24:50,-07:00,2025-04-25T23:24:50-07:00,0,0
index.html,30,html,3d7a5d47,Alexander Kuo,2025-04-25,23:24:50,-07:00,2025-04-25T23:24:50-07:00,0,5
index.html,31,html,ceca68bc,Alexander Kuo,2025-04-03,21:42:13,-07:00,2025-04-03T21:42:13-07:00,0,6
index.html,32,html,ceca68bc,Alexander Kuo,2025-04-03,21:42:13,-07:00,2025-04-03T21:42:13-07:00,0,6
global.js,1,js,86d0a627,Alexander Kuo,2025-04-18,21:09:50,-07:00,2025-04-18T21:09:50-07:00,0,26
global.js,2,js,86d0a627,Alexander Kuo,2025-04-18,21:09:50,-07:00,2025-04-18T21:09:50-07:00,0,0
global.js,3,js,86d0a627,Alexander Kuo,2025-04-18,21:09:50,-07:00,2025-04-18T21:09:50-07:00,0,42
global.js,4,js,86d0a627,Alexander Kuo,2025-04-18,21:09:50,-07:00,2025-04-18T21:09:50-07:00,0,53
global.js,5,js,86d0a627,Alexander Kuo,2025-04-18,21:09:50,-07:00,2025-04-18T21:09:50-07:00,0,0
global.js,6,js,86d0a627,Alexander Kuo,2025-04-18,21:09:50,-07:00,2025-04-18T21:09:50-07:00,0,0
global.js,7,js,86d0a627,Alexander Kuo,2025-04-18,21:09:50,-07:00,2025-04-18T21:09:50-07:00,0,28
global.js,8,js,86d0a627,Alexander Kuo,2025-04-18,21:09:50,-07:00,2025-04-18T21:09:50-07:00,0,0
global.js,9,js,86d0a627,Alexander Kuo,2025-04-18,21:09:50,-07:00,2025-04-18T21:09:50-07:00,0,34
global.js,10,js,86d0a627,Alexander Kuo,2025-04-18,21:09:50,-07:00,2025-04-18T21:09:50-07:00,0,74
global.js,11,js,86d0a627,Alexander Kuo,2025-04-18,21:09:50,-07:00,2025-04-18T21:09:50-07:00,0,4
global.js,12,js,86d0a627,Alexander Kuo,2025-04-18,21:09:50,-07:00,2025-04-18T21:09:50-07:00,0,0
global.js,13,js,86d0a627,Alexander Kuo,2025-04-18,21:09:50,-07:00,2025-04-18T21:09:50-07:00,0,20
global.js,14,js,86d0a627,Alexander Kuo,2025-04-18,21:09:50,-07:00,2025-04-18T21:09:50-07:00,0,42
global.js,15,js,86d0a627,Alexander Kuo,2025-04-18,21:09:50,-07:00,2025-04-18T21:09:50-07:00,0,43
global.js,16,js,86d0a627,Alexander Kuo,2025-04-18,21:09:50,-07:00,2025-04-18T21:09:50-07:00,0,3
global.js,17,js,86d0a627,Alexander Kuo,2025-04-18,21:09:50,-07:00,2025-04-18T21:09:50-07:00,0,12
global.js,18,js,86d0a627,Alexander Kuo,2025-04-18,21:09:50,-07:00,2025-04-18T21:09:50-07:00,0,26
global.js,19,js,86d0a627,Alexander Kuo,2025-04-18,21:09:50,-07:00,2025-04-18T21:09:50-07:00,0,39
global.js,20,js,86d0a627,Alexander Kuo,2025-04-18,21:09:50,-07:00,2025-04-18T21:09:50-07:00,0,37
global.js,21,js,86d0a627,Alexander Kuo,2025-04-18,21:09:50,-07:00,2025-04-18T21:09:50-07:00,0,52
global.js,22,js,00000000,Not Committed Yet,2025-05-09,17:54:44,-07:00,2025-05-09T17:54:44-07:00,0,35
global.js,23,js,00000000,Not Committed Yet,2025-05-09,17:54:44,-07:00,2025-05-09T17:54:44-07:00,0,29
global.js,24,js,86d0a627,Alexander Kuo,2025-04-18,21:09:50,-07:00,2025-04-18T21:09:50-07:00,0,1
global.js,25,js,86d0a627,Alexander Kuo,2025-04-18,21:09:50,-07:00,2025-04-18T21:09:50-07:00,0,0
global.js,26,js,86d0a627,Alexander Kuo,2025-04-18,21:09:50,-07:00,2025-04-18T21:09:50-07:00,0,39
global.js,27,js,86d0a627,Alexander Kuo,2025-04-18,21:09:50,-07:00,2025-04-18T21:09:50-07:00,0,26
global.js,28,js,86d0a627,Alexander Kuo,2025-04-18,21:09:50,-07:00,2025-04-18T21:09:50-07:00,0,0
global.js,29,js,86d0a627,Alexander Kuo,2025-04-18,21:09:50,-07:00,2025-04-18T21:09:50-07:00,0,89
global.js,30,js,86d0a627,Alexander Kuo,2025-04-18,21:09:50,-07:00,2025-04-18T21:09:50-07:00,0,37
global.js,31,js,3d7a5d47,Alexander Kuo,2025-04-25,23:24:50,-07:00,2025-04-25T23:24:50-07:00,0,15
global.js,32,js,86d0a627,Alexander Kuo,2025-04-18,21:09:50,-07:00,2025-04-18T21:09:50-07:00,0,0
global.js,33,js,86d0a627,Alexander Kuo,2025-04-18,21:09:50,-07:00,2025-04-18T21:09:50-07:00,0,0
global.js,34,js,86d0a627,Alexander Kuo,2025-04-18,21:09:50,-07:00,2025-04-18T21:09:50-07:00,0,0
global.js,35,js,86d0a627,Alexander Kuo,2025-04-18,21:09:50,-07:00,2025-04-18T21:09:50-07:00,0,21
global.js,36,js,86d0a627,Alexander Kuo,2025-04-18,21:09:50,-07:00,2025-04-18T21:09:50-07:00,0,15
global.js,37,js,86d0a627,Alexander Kuo,2025-04-18,21:09:50,-07:00,2025-04-18T21:09:50-07:00,0,19
global.js,38,js,86d0a627,Alexander Kuo,2025-04-18,21:09:50,-07:00,2025-04-18T21:09:50-07:00,0,0
global.js,39,js,86d0a627,Alexander Kuo,2025-04-18,21:09:50,-07:00,2025-04-18T21:09:50-07:00,0,53
global.js,40,js,86d0a627,Alexander Kuo,2025-04-18,21:09:50,-07:00,2025-04-18T21:09:50-07:00,0,42
global.js,41,js,86d0a627,Alexander Kuo,2025-04-18,21:09:50,-07:00,2025-04-18T21:09:50-07:00,0,35
global.js,42,js,86d0a627,Alexander Kuo,2025-04-18,21:09:50,-07:00,2025-04-18T21:09:50-07:00,0,12
global.js,43,js,86d0a627,Alexander Kuo,2025-04-18,21:09:50,-07:00,2025-04-18T21:09:50-07:00,0,21
global.js,44,js,86d0a627,Alexander Kuo,2025-04-18,21:09:50,-07:00,2025-04-18T21:09:50-07:00,0,13
global.js,45,js,86d0a627,Alexander Kuo,2025-04-18,21:09:50,-07:00,2025-04-18T21:09:50-07:00,0,66
global.js,46,js,86d0a627,Alexander Kuo,2025-04-18,21:09:50,-07:00,2025-04-18T21:09:50-07:00,0,26
global.js,47,js,86d0a627,Alexander Kuo,2025-04-18,21:09:50,-07:00,2025-04-18T21:09:50-07:00,0,0
global.js,48,js,86d0a627,Alexander Kuo,2025-04-18,21:09:50,-07:00,2025-04-18T21:09:50-07:00,0,30
global.js,49,js,86d0a627,Alexander Kuo,2025-04-18,21:09:50,-07:00,2025-04-18T21:09:50-07:00,0,19
global.js,50,js,86d0a627,Alexander Kuo,2025-04-18,21:09:50,-07:00,2025-04-18T21:09:50-07:00,0,0
global.js,51,js,86d0a627,Alexander Kuo,2025-04-18,21:09:50,-07:00,2025-04-18T21:09:50-07:00,0,0
global.js,52,js,86d0a627,Alexander Kuo,2025-04-18,21:09:50,-07:00,2025-04-18T21:09:50-07:00,0,0
global.js,53,js,86d0a627,Alexander Kuo,2025-04-18,21:09:50,-07:00,2025-04-18T21:09:50-07:00,0,0
global.js,54,js,86d0a627,Alexander Kuo,2025-04-18,21:09:50,-07:00,2025-04-18T21:09:50-07:00,0,32
global.js,55,js,86d0a627,Alexander Kuo,2025-04-18,21:09:50,-07:00,2025-04-18T21:09:50-07:00,0,12
global.js,56,js,86d0a627,Alexander Kuo,2025-04-18,21:09:50,-07:00,2025-04-18T21:09:50-07:00,0,0
global.js,57,js,86d0a627,Alexander Kuo,2025-04-18,21:09:50,-07:00,2025-04-18T21:09:50-07:00,0,27
global.js,58,js,86d0a627,Alexander Kuo,2025-04-18,21:09:50,-07:00,2025-04-18T21:09:50-07:00,0,5
global.js,59,js,86d0a627,Alexander Kuo,2025-04-18,21:09:50,-07:00,2025-04-18T21:09:50-07:00,0,21
global.js,60,js,86d0a627,Alexander Kuo,2025-04-18,21:09:50,-07:00,2025-04-18T21:09:50-07:00,0,114
global.js,61,js,86d0a627,Alexander Kuo,2025-04-18,21:09:50,-07:00,2025-04-18T21:09:50-07:00,0,8
global.js,62,js,86d0a627,Alexander Kuo,2025-04-18,21:09:50,-07:00,2025-04-18T21:09:50-07:00,0,9
global.js,63,js,86d0a627,Alexander Kuo,2025-04-18,21:09:50,-07:00,2025-04-18T21:09:50-07:00,0,1
global.js,64,js,86d0a627,Alexander Kuo,2025-04-18,21:09:50,-07:00,2025-04-18T21:09:50-07:00,0,0
global.js,65,js,86d0a627,Alexander Kuo,2025-04-18,21:09:50,-07:00,2025-04-18T21:09:50-07:00,0,48
global.js,66,js,86d0a627,Alexander Kuo,2025-04-18,21:09:50,-07:00,2025-04-18T21:09:50-07:00,0,0
global.js,67,js,86d0a627,Alexander Kuo,2025-04-18,21:09:50,-07:00,2025-04-18T21:09:50-07:00,0,50
global.js,68,js,86d0a627,Alexander Kuo,2025-04-18,21:09:50,-07:00,2025-04-18T21:09:50-07:00,0,58
global.js,69,js,86d0a627,Alexander Kuo,2025-04-18,21:09:50,-07:00,2025-04-18T21:09:50-07:00,0,78
global.js,70,js,86d0a627,Alexander Kuo,2025-04-18,21:09:50,-07:00,2025-04-18T21:09:50-07:00,0,44
global.js,71,js,86d0a627,Alexander Kuo,2025-04-18,21:09:50,-07:00,2025-04-18T21:09:50-07:00,0,2
global.js,72,js,86d0a627,Alexander Kuo,2025-04-18,21:09:50,-07:00,2025-04-18T21:09:50-07:00,0,0
global.js,73,js,86d0a627,Alexander Kuo,2025-04-18,21:09:50,-07:00,2025-04-18T21:09:50-07:00,0,37
global.js,74,js,86d0a627,Alexander Kuo,2025-04-18,21:09:50,-07:00,2025-04-18T21:09:50-07:00,0,39
global.js,75,js,86d0a627,Alexander Kuo,2025-04-18,21:09:50,-07:00,2025-04-18T21:09:50-07:00,0,72
global.js,76,js,86d0a627,Alexander Kuo,2025-04-18,21:09:50,-07:00,2025-04-18T21:09:50-07:00,0,0
global.js,77,js,3d7a5d47,Alexander Kuo,2025-04-25,23:24:50,-07:00,2025-04-25T23:24:50-07:00,0,0
global.js,78,js,3d7a5d47,Alexander Kuo,2025-04-25,23:24:50,-07:00,2025-04-25T23:24:50-07:00,0,37
global.js,79,js,3d7a5d47,Alexander Kuo,2025-04-25,23:24:50,-07:00,2025-04-25T23:24:50-07:00,0,4
global.js,80,js,3d7a5d47,Alexander Kuo,2025-04-25,23:24:50,-07:00,2025-04-25T23:24:50-07:00,0,40
global.js,81,js,3d7a5d47,Alexander Kuo,2025-04-25,23:24:50,-07:00,2025-04-25T23:24:50-07:00,0,33
global.js,82,js,3d7a5d47,Alexander Kuo,2025-04-25,23:24:50,-07:00,2025-04-25T23:24:50-07:00,0,18
global.js,83,js,3d7a5d47,Alexander Kuo,2025-04-25,23:24:50,-07:00,2025-04-25T23:24:50-07:00,0,67
global.js,84,js,3d7a5d47,Alexander Kuo,2025-04-25,23:24:50,-07:00,2025-04-25T23:24:50-07:00,0,0
global.js,85,js,3d7a5d47,Alexander Kuo,2025-04-25,23:24:50,-07:00,2025-04-25T23:24:50-07:00,0,20
global.js,86,js,3d7a5d47,Alexander Kuo,2025-04-25,23:24:50,-07:00,2025-04-25T23:24:50-07:00,0,34
global.js,87,js,3d7a5d47,Alexander Kuo,2025-04-25,23:24:50,-07:00,2025-04-25T23:24:50-07:00,0,11
global.js,88,js,3d7a5d47,Alexander Kuo,2025-04-25,23:24:50,-07:00,2025-04-25T23:24:50-07:00,0,16
global.js,89,js,3d7a5d47,Alexander Kuo,2025-04-25,23:24:50,-07:00,2025-04-25T23:24:50-07:00,0,60
global.js,90,js,3d7a5d47,Alexander Kuo,2025-04-25,23:24:50,-07:00,2025-04-25T23:24:50-07:00,0,0
global.js,91,js,3d7a5d47,Alexander Kuo,2025-04-25,23:24:50,-07:00,2025-04-25T23:24:50-07:00,0,0
global.js,92,js,3d7a5d47,Alexander Kuo,2025-04-25,23:24:50,-07:00,2025-04-25T23:24:50-07:00,0,0
global.js,93,js,3d7a5d47,Alexander Kuo,2025-04-25,23:24:50,-07:00,2025-04-25T23:24:50-07:00,0,80
global.js,94,js,3d7a5d47,Alexander Kuo,2025-04-25,23:24:50,-07:00,2025-04-25T23:24:50-07:00,0,24
global.js,95,js,3d7a5d47,Alexander Kuo,2025-04-25,23:24:50,-07:00,2025-04-25T23:24:50-07:00,0,31
global.js,96,js,3d7a5d47,Alexander Kuo,2025-04-25,23:24:50,-07:00,2025-04-25T23:24:50-07:00,0,62
global.js,97,js,3d7a5d47,Alexander Kuo,2025-04-25,23:24:50,-07:00,2025-04-25T23:24:50-07:00,0,18
global.js,98,js,3d7a5d47,Alexander Kuo,2025-04-25,23:24:50,-07:00,2025-04-25T23:24:50-07:00,0,55
global.js,99,js,3d7a5d47,Alexander Kuo,2025-04-25,23:24:50,-07:00,2025-04-25T23:24:50-07:00,0,0
global.js,100,js,3d7a5d47,Alexander Kuo,2025-04-25,23:24:50,-07:00,2025-04-25T23:24:50-07:00,0,0
global.js,101,js,3d7a5d47,Alexander Kuo,2025-04-25,23:24:50,-07:00,2025-04-25T23:24:50-07:00,0,42
global.js,102,js,3d7a5d47,Alexander Kuo,2025-04-25,23:24:50,-07:00,2025-04-25T23:24:50-07:00,0,27
global.js,103,js,3d7a5d47,Alexander Kuo,2025-04-25,23:24:50,-07:00,2025-04-25T23:24:50-07:00,0,49
global.js,104,js,3d7a5d47,Alexander Kuo,2025-04-25,23:24:50,-07:00,2025-04-25T23:24:50-07:00,0,20
global.js,105,js,3d7a5d47,Alexander Kuo,2025-04-25,23:24:50,-07:00,2025-04-25T23:24:50-07:00,0,50
global.js,106,js,3d7a5d47,Alexander Kuo,2025-04-25,23:24:50,-07:00,2025-04-25T23:24:50-07:00,0,50
global.js,107,js,3d7a5d47,Alexander Kuo,2025-04-25,23:24:50,-07:00,2025-04-25T23:24:50-07:00,0,28
global.js,108,js,2baddab1,Alexander Kuo,2025-05-03,20:32:42,-07:00,2025-05-03T20:32:42-07:00,0,37
global.js,109,js,3d7a5d47,Alexander Kuo,2025-04-25,23:24:50,-07:00,2025-04-25T23:24:50-07:00,0,1
global.js,110,js,3d7a5d47,Alexander Kuo,2025-04-25,23:24:50,-07:00,2025-04-25T23:24:50-07:00,0,37
global.js,111,js,3d7a5d47,Alexander Kuo,2025-04-25,23:24:50,-07:00,2025-04-25T23:24:50-07:00,0,0
global.js,112,js,3d7a5d47,Alexander Kuo,2025-04-25,23:24:50,-07:00,2025-04-25T23:24:50-07:00,0,0
global.js,113,js,3d7a5d47,Alexander Kuo,2025-04-25,23:24:50,-07:00,2025-04-25T23:24:50-07:00,0,0
global.js,114,js,3d7a5d47,Alexander Kuo,2025-04-25,23:24:50,-07:00,2025-04-25T23:24:50-07:00,0,48
global.js,115,js,3d7a5d47,Alexander Kuo,2025-04-25,23:24:50,-07:00,2025-04-25T23:24:50-07:00,0,23
global.js,116,js,3d7a5d47,Alexander Kuo,2025-04-25,23:24:50,-07:00,2025-04-25T23:24:50-07:00,0,60
global.js,117,js,3d7a5d47,Alexander Kuo,2025-04-25,23:24:50,-07:00,2025-04-25T23:24:50-07:00,0,0
resume\index.html,1,html,a5159b12,Alexander Kuo,2025-04-04,18:18:59,-07:00,2025-04-04T18:18:59-07:00,0,14
resume\index.html,2,html,a5159b12,Alexander Kuo,2025-04-04,18:18:59,-07:00,2025-04-04T18:18:59-07:00,0,15
resume\index.html,3,html,a5159b12,Alexander Kuo,2025-04-04,18:18:59,-07:00,2025-04-04T18:18:59-07:00,0,5
resume\index.html,4,html,b55788b4,Alexander Kuo,2025-04-11,02:00:23,-07:00,2025-04-11T02:00:23-07:00,0,42
resume\index.html,5,html,a5159b12,Alexander Kuo,2025-04-04,18:18:59,-07:00,2025-04-04T18:18:59-07:00,0,21
resume\index.html,6,html,a5159b12,Alexander Kuo,2025-04-04,18:18:59,-07:00,2025-04-04T18:18:59-07:00,0,69
resume\index.html,7,html,86d0a627,Alexander Kuo,2025-04-18,21:09:50,-07:00,2025-04-18T21:09:50-07:00,0,20
resume\index.html,8,html,a5159b12,Alexander Kuo,2025-04-04,18:18:59,-07:00,2025-04-04T18:18:59-07:00,0,6
resume\index.html,9,html,a5159b12,Alexander Kuo,2025-04-04,18:18:59,-07:00,2025-04-04T18:18:59-07:00,0,5
resume\index.html,10,html,86d0a627,Alexander Kuo,2025-04-18,21:09:50,-07:00,2025-04-18T21:09:50-07:00,0,49
resume\index.html,11,html,86d0a627,Alexander Kuo,2025-04-18,21:09:50,-07:00,2025-04-18T21:09:50-07:00,0,9
resume\index.html,12,html,b55788b4,Alexander Kuo,2025-04-11,02:00:23,-07:00,2025-04-11T02:00:23-07:00,0,31
resume\index.html,13,html,b55788b4,Alexander Kuo,2025-04-11,02:00:23,-07:00,2025-04-11T02:00:23-07:00,0,44
resume\index.html,14,html,b55788b4,Alexander Kuo,2025-04-11,02:00:23,-07:00,2025-04-11T02:00:23-07:00,0,42
resume\index.html,15,html,b55788b4,Alexander Kuo,2025-04-11,02:00:23,-07:00,2025-04-11T02:00:23-07:00,0,61
resume\index.html,16,html,86d0a627,Alexander Kuo,2025-04-18,21:09:50,-07:00,2025-04-18T21:09:50-07:00,0,34
resume\index.html,17,html,86d0a627,Alexander Kuo,2025-04-18,21:09:50,-07:00,2025-04-18T21:09:50-07:00,0,9
resume\index.html,18,html,a5159b12,Alexander Kuo,2025-04-04,18:18:59,-07:00,2025-04-04T18:18:59-07:00,0,16
resume\index.html,19,html,af391010,Alexander Kuo,2025-04-11,19:55:36,-07:00,2025-04-11T19:55:36-07:00,0,18
resume\index.html,20,html,af391010,Alexander Kuo,2025-04-11,19:55:36,-07:00,2025-04-11T19:55:36-07:00,0,21
resume\index.html,21,html,af391010,Alexander Kuo,2025-04-11,19:55:36,-07:00,2025-04-11T19:55:36-07:00,0,20
resume\index.html,22,html,af391010,Alexander Kuo,2025-04-11,19:55:36,-07:00,2025-04-11T19:55:36-07:00,0,20
resume\index.html,23,html,af391010,Alexander Kuo,2025-04-11,19:55:36,-07:00,2025-04-11T19:55:36-07:00,0,26
resume\index.html,24,html,af391010,Alexander Kuo,2025-04-11,19:55:36,-07:00,2025-04-11T19:55:36-07:00,0,120
resume\index.html,25,html,af391010,Alexander Kuo,2025-04-11,19:55:36,-07:00,2025-04-11T19:55:36-07:00,0,5
resume\index.html,26,html,af391010,Alexander Kuo,2025-04-11,19:55:36,-07:00,2025-04-11T19:55:36-07:00,0,0
resume\index.html,27,html,b55788b4,Alexander Kuo,2025-04-11,02:00:23,-07:00,2025-04-11T02:00:23-07:00,0,15
resume\index.html,28,html,be068bf2,Alexander Kuo,2025-04-11,18:30:09,-07:00,2025-04-11T18:30:09-07:00,0,30
resume\index.html,29,html,b55788b4,Alexander Kuo,2025-04-11,02:00:23,-07:00,2025-04-11T02:00:23-07:00,0,7
resume\index.html,30,html,af391010,Alexander Kuo,2025-04-11,19:55:36,-07:00,2025-04-11T19:55:36-07:00,0,34
resume\index.html,31,html,b55788b4,Alexander Kuo,2025-04-11,02:00:23,-07:00,2025-04-11T02:00:23-07:00,0,8
resume\index.html,32,html,be068bf2,Alexander Kuo,2025-04-11,18:30:09,-07:00,2025-04-11T18:30:09-07:00,0,20
resume\index.html,33,html,b55788b4,Alexander Kuo,2025-04-11,02:00:23,-07:00,2025-04-11T02:00:23-07:00,0,15
resume\index.html,34,html,be068bf2,Alexander Kuo,2025-04-11,18:30:09,-07:00,2025-04-11T18:30:09-07:00,0,36
resume\index.html,35,html,be068bf2,Alexander Kuo,2025-04-11,18:30:09,-07:00,2025-04-11T18:30:09-07:00,0,15
resume\index.html,36,html,be068bf2,Alexander Kuo,2025-04-11,18:30:09,-07:00,2025-04-11T18:30:09-07:00,0,12
resume\index.html,37,html,be068bf2,Alexander Kuo,2025-04-11,18:30:09,-07:00,2025-04-11T18:30:09-07:00,0,57
resume\index.html,38,html,be068bf2,Alexander Kuo,2025-04-11,18:30:09,-07:00,2025-04-11T18:30:09-07:00,0,5
resume\index.html,39,html,b55788b4,Alexander Kuo,2025-04-11,02:00:23,-07:00,2025-04-11T02:00:23-07:00,0,3
resume\index.html,40,html,b55788b4,Alexander Kuo,2025-04-11,02:00:23,-07:00,2025-04-11T02:00:23-07:00,0,89
resume\index.html,41,html,b55788b4,Alexander Kuo,2025-04-11,02:00:23,-07:00,2025-04-11T02:00:23-07:00,0,92
resume\index.html,42,html,b55788b4,Alexander Kuo,2025-04-11,02:00:23,-07:00,2025-04-11T02:00:23-07:00,0,4
resume\index.html,43,html,b55788b4,Alexander Kuo,2025-04-11,02:00:23,-07:00,2025-04-11T02:00:23-07:00,0,9
resume\index.html,44,html,be068bf2,Alexander Kuo,2025-04-11,18:30:09,-07:00,2025-04-11T18:30:09-07:00,0,20
resume\index.html,45,html,b55788b4,Alexander Kuo,2025-04-11,02:00:23,-07:00,2025-04-11T02:00:23-07:00,0,30
resume\index.html,46,html,be068bf2,Alexander Kuo,2025-04-11,18:30:09,-07:00,2025-04-11T18:30:09-07:00,0,40
resume\index.html,47,html,be068bf2,Alexander Kuo,2025-04-11,18:30:09,-07:00,2025-04-11T18:30:09-07:00,0,15
resume\index.html,48,html,be068bf2,Alexander Kuo,2025-04-11,18:30:09,-07:00,2025-04-11T18:30:09-07:00,0,21
resume\index.html,49,html,be068bf2,Alexander Kuo,2025-04-11,18:30:09,-07:00,2025-04-11T18:30:09-07:00,0,90
resume\index.html,50,html,be068bf2,Alexander Kuo,2025-04-11,18:30:09,-07:00,2025-04-11T18:30:09-07:00,0,5
resume\index.html,51,html,b55788b4,Alexander Kuo,2025-04-11,02:00:23,-07:00,2025-04-11T02:00:23-07:00,0,3
resume\index.html,52,html,b55788b4,Alexander Kuo,2025-04-11,02:00:23,-07:00,2025-04-11T02:00:23-07:00,0,115
resume\index.html,53,html,b55788b4,Alexander Kuo,2025-04-11,02:00:23,-07:00,2025-04-11T02:00:23-07:00,0,111
resume\index.html,54,html,b55788b4,Alexander Kuo,2025-04-11,02:00:23,-07:00,2025-04-11T02:00:23-07:00,0,91
resume\index.html,55,html,b55788b4,Alexander Kuo,2025-04-11,02:00:23,-07:00,2025-04-11T02:00:23-07:00,0,4
resume\index.html,56,html,b55788b4,Alexander Kuo,2025-04-11,02:00:23,-07:00,2025-04-11T02:00:23-07:00,0,9
resume\index.html,57,html,be068bf2,Alexander Kuo,2025-04-11,18:30:09,-07:00,2025-04-11T18:30:09-07:00,0,20
resume\index.html,58,html,b55788b4,Alexander Kuo,2025-04-11,02:00:23,-07:00,2025-04-11T02:00:23-07:00,0,22
resume\index.html,59,html,be068bf2,Alexander Kuo,2025-04-11,18:30:09,-07:00,2025-04-11T18:30:09-07:00,0,28
resume\index.html,60,html,be068bf2,Alexander Kuo,2025-04-11,18:30:09,-07:00,2025-04-11T18:30:09-07:00,0,15
resume\index.html,61,html,be068bf2,Alexander Kuo,2025-04-11,18:30:09,-07:00,2025-04-11T18:30:09-07:00,0,21
resume\index.html,62,html,be068bf2,Alexander Kuo,2025-04-11,18:30:09,-07:00,2025-04-11T18:30:09-07:00,0,57
resume\index.html,63,html,be068bf2,Alexander Kuo,2025-04-11,18:30:09,-07:00,2025-04-11T18:30:09-07:00,0,5
resume\index.html,64,html,b55788b4,Alexander Kuo,2025-04-11,02:00:23,-07:00,2025-04-11T02:00:23-07:00,0,3
resume\index.html,65,html,b55788b4,Alexander Kuo,2025-04-11,02:00:23,-07:00,2025-04-11T02:00:23-07:00,0,70
resume\index.html,66,html,b55788b4,Alexander Kuo,2025-04-11,02:00:23,-07:00,2025-04-11T02:00:23-07:00,0,84
resume\index.html,67,html,b55788b4,Alexander Kuo,2025-04-11,02:00:23,-07:00,2025-04-11T02:00:23-07:00,0,4
resume\index.html,68,html,b55788b4,Alexander Kuo,2025-04-11,02:00:23,-07:00,2025-04-11T02:00:23-07:00,0,9
resume\index.html,69,html,b55788b4,Alexander Kuo,2025-04-11,02:00:23,-07:00,2025-04-11T02:00:23-07:00,0,9
resume\index.html,70,html,be068bf2,Alexander Kuo,2025-04-11,18:30:09,-07:00,2025-04-11T18:30:09-07:00,0,31
resume\index.html,71,html,b55788b4,Alexander Kuo,2025-04-11,02:00:23,-07:00,2025-04-11T02:00:23-07:00,0,7
resume\index.html,72,html,af391010,Alexander Kuo,2025-04-11,19:55:36,-07:00,2025-04-11T19:55:36-07:00,0,45
resume\index.html,73,html,b55788b4,Alexander Kuo,2025-04-11,02:00:23,-07:00,2025-04-11T02:00:23-07:00,0,8
resume\index.html,74,html,be068bf2,Alexander Kuo,2025-04-11,18:30:09,-07:00,2025-04-11T18:30:09-07:00,0,20
resume\index.html,75,html,be068bf2,Alexander Kuo,2025-04-11,18:30:09,-07:00,2025-04-11T18:30:09-07:00,0,133
resume\index.html,76,html,be068bf2,Alexander Kuo,2025-04-11,18:30:09,-07:00,2025-04-11T18:30:09-07:00,0,24
resume\index.html,77,html,be068bf2,Alexander Kuo,2025-04-11,18:30:09,-07:00,2025-04-11T18:30:09-07:00,0,15
resume\index.html,78,html,be068bf2,Alexander Kuo,2025-04-11,18:30:09,-07:00,2025-04-11T18:30:09-07:00,0,18
resume\index.html,79,html,be068bf2,Alexander Kuo,2025-04-11,18:30:09,-07:00,2025-04-11T18:30:09-07:00,0,89
resume\index.html,80,html,be068bf2,Alexander Kuo,2025-04-11,18:30:09,-07:00,2025-04-11T18:30:09-07:00,0,5
resume\index.html,81,html,b55788b4,Alexander Kuo,2025-04-11,02:00:23,-07:00,2025-04-11T02:00:23-07:00,0,3
resume\index.html,82,html,b55788b4,Alexander Kuo,2025-04-11,02:00:23,-07:00,2025-04-11T02:00:23-07:00,0,127
resume\index.html,83,html,b55788b4,Alexander Kuo,2025-04-11,02:00:23,-07:00,2025-04-11T02:00:23-07:00,0,102
resume\index.html,84,html,b55788b4,Alexander Kuo,2025-04-11,02:00:23,-07:00,2025-04-11T02:00:23-07:00,0,118
resume\index.html,85,html,b55788b4,Alexander Kuo,2025-04-11,02:00:23,-07:00,2025-04-11T02:00:23-07:00,0,4
resume\index.html,86,html,b55788b4,Alexander Kuo,2025-04-11,02:00:23,-07:00,2025-04-11T02:00:23-07:00,0,9
resume\index.html,87,html,be068bf2,Alexander Kuo,2025-04-11,18:30:09,-07:00,2025-04-11T18:30:09-07:00,0,20
resume\index.html,88,html,be068bf2,Alexander Kuo,2025-04-11,18:30:09,-07:00,2025-04-11T18:30:09-07:00,0,32
resume\index.html,89,html,be068bf2,Alexander Kuo,2025-04-11,18:30:09,-07:00,2025-04-11T18:30:09-07:00,0,18
resume\index.html,90,html,be068bf2,Alexander Kuo,2025-04-11,18:30:09,-07:00,2025-04-11T18:30:09-07:00,0,15
resume\index.html,91,html,be068bf2,Alexander Kuo,2025-04-11,18:30:09,-07:00,2025-04-11T18:30:09-07:00,0,21
resume\index.html,92,html,be068bf2,Alexander Kuo,2025-04-11,18:30:09,-07:00,2025-04-11T18:30:09-07:00,0,89
resume\index.html,93,html,be068bf2,Alexander Kuo,2025-04-11,18:30:09,-07:00,2025-04-11T18:30:09-07:00,0,5
resume\index.html,94,html,b55788b4,Alexander Kuo,2025-04-11,02:00:23,-07:00,2025-04-11T02:00:23-07:00,0,3
resume\index.html,95,html,b55788b4,Alexander Kuo,2025-04-11,02:00:23,-07:00,2025-04-11T02:00:23-07:00,0,79
resume\index.html,96,html,b55788b4,Alexander Kuo,2025-04-11,02:00:23,-07:00,2025-04-11T02:00:23-07:00,0,113
resume\index.html,97,html,b55788b4,Alexander Kuo,2025-04-11,02:00:23,-07:00,2025-04-11T02:00:23-07:00,0,115
resume\index.html,98,html,b55788b4,Alexander Kuo,2025-04-11,02:00:23,-07:00,2025-04-11T02:00:23-07:00,0,104
resume\index.html,99,html,b55788b4,Alexander Kuo,2025-04-11,02:00:23,-07:00,2025-04-11T02:00:23-07:00,0,4
resume\index.html,100,html,b55788b4,Alexander Kuo,2025-04-11,02:00:23,-07:00,2025-04-11T02:00:23-07:00,0,9
resume\index.html,101,html,b55788b4,Alexander Kuo,2025-04-11,02:00:23,-07:00,2025-04-11T02:00:23-07:00,0,9
resume\index.html,102,html,be068bf2,Alexander Kuo,2025-04-11,18:30:09,-07:00,2025-04-11T18:30:09-07:00,0,33
resume\index.html,103,html,b55788b4,Alexander Kuo,2025-04-11,02:00:23,-07:00,2025-04-11T02:00:23-07:00,0,7
resume\index.html,104,html,af391010,Alexander Kuo,2025-04-11,19:55:36,-07:00,2025-04-11T19:55:36-07:00,0,33
resume\index.html,105,html,b55788b4,Alexander Kuo,2025-04-11,02:00:23,-07:00,2025-04-11T02:00:23-07:00,0,8
resume\index.html,106,html,be068bf2,Alexander Kuo,2025-04-11,18:30:09,-07:00,2025-04-11T18:30:09-07:00,0,20
resume\index.html,107,html,b55788b4,Alexander Kuo,2025-04-11,02:00:23,-07:00,2025-04-11T02:00:23-07:00,0,42
resume\index.html,108,html,be068bf2,Alexander Kuo,2025-04-11,18:30:09,-07:00,2025-04-11T18:30:09-07:00,0,15
resume\index.html,109,html,be068bf2,Alexander Kuo,2025-04-11,18:30:09,-07:00,2025-04-11T18:30:09-07:00,0,18
resume\index.html,110,html,be068bf2,Alexander Kuo,2025-04-11,18:30:09,-07:00,2025-04-11T18:30:09-07:00,0,91
resume\index.html,111,html,be068bf2,Alexander Kuo,2025-04-11,18:30:09,-07:00,2025-04-11T18:30:09-07:00,0,5
resume\index.html,112,html,be068bf2,Alexander Kuo,2025-04-11,18:30:09,-07:00,2025-04-11T18:30:09-07:00,0,3
resume\index.html,113,html,be068bf2,Alexander Kuo,2025-04-11,18:30:09,-07:00,2025-04-11T18:30:09-07:00,0,45
resume\index.html,114,html,be068bf2,Alexander Kuo,2025-04-11,18:30:09,-07:00,2025-04-11T18:30:09-07:00,0,18
resume\index.html,115,html,be068bf2,Alexander Kuo,2025-04-11,18:30:09,-07:00,2025-04-11T18:30:09-07:00,0,4
resume\index.html,116,html,b55788b4,Alexander Kuo,2025-04-11,02:00:23,-07:00,2025-04-11T02:00:23-07:00,0,9
resume\index.html,117,html,be068bf2,Alexander Kuo,2025-04-11,18:30:09,-07:00,2025-04-11T18:30:09-07:00,0,20
resume\index.html,118,html,b55788b4,Alexander Kuo,2025-04-11,02:00:23,-07:00,2025-04-11T02:00:23-07:00,0,31
resume\index.html,119,html,be068bf2,Alexander Kuo,2025-04-11,18:30:09,-07:00,2025-04-11T18:30:09-07:00,0,15
resume\index.html,120,html,be068bf2,Alexander Kuo,2025-04-11,18:30:09,-07:00,2025-04-11T18:30:09-07:00,0,21
resume\index.html,121,html,be068bf2,Alexander Kuo,2025-04-11,18:30:09,-07:00,2025-04-11T18:30:09-07:00,0,89
resume\index.html,122,html,be068bf2,Alexander Kuo,2025-04-11,18:30:09,-07:00,2025-04-11T18:30:09-07:00,0,5
resume\index.html,123,html,be068bf2,Alexander Kuo,2025-04-11,18:30:09,-07:00,2025-04-11T18:30:09-07:00,0,3
resume\index.html,124,html,be068bf2,Alexander Kuo,2025-04-11,18:30:09,-07:00,2025-04-11T18:30:09-07:00,0,72
resume\index.html,125,html,be068bf2,Alexander Kuo,2025-04-11,18:30:09,-07:00,2025-04-11T18:30:09-07:00,0,18
resume\index.html,126,html,be068bf2,Alexander Kuo,2025-04-11,18:30:09,-07:00,2025-04-11T18:30:09-07:00,0,4
resume\index.html,127,html,b55788b4,Alexander Kuo,2025-04-11,02:00:23,-07:00,2025-04-11T02:00:23-07:00,0,9
resume\index.html,128,html,b55788b4,Alexander Kuo,2025-04-11,02:00:23,-07:00,2025-04-11T02:00:23-07:00,0,9
resume\index.html,129,html,be068bf2,Alexander Kuo,2025-04-11,18:30:09,-07:00,2025-04-11T18:30:09-07:00,0,34
resume\index.html,130,html,b55788b4,Alexander Kuo,2025-04-11,02:00:23,-07:00,2025-04-11T02:00:23-07:00,0,7
resume\index.html,131,html,af391010,Alexander Kuo,2025-04-11,19:55:36,-07:00,2025-04-11T19:55:36-07:00,0,30
resume\index.html,132,html,b55788b4,Alexander Kuo,2025-04-11,02:00:23,-07:00,2025-04-11T02:00:23-07:00,0,8
resume\index.html,133,html,be068bf2,Alexander Kuo,2025-04-11,18:30:09,-07:00,2025-04-11T18:30:09-07:00,0,20
resume\index.html,134,html,b55788b4,Alexander Kuo,2025-04-11,02:00:23,-07:00,2025-04-11T02:00:23-07:00,0,3
resume\index.html,135,html,b55788b4,Alexander Kuo,2025-04-11,02:00:23,-07:00,2025-04-11T02:00:23-07:00,0,12
resume\index.html,136,html,b55788b4,Alexander Kuo,2025-04-11,02:00:23,-07:00,2025-04-11T02:00:23-07:00,0,14
resume\index.html,137,html,b55788b4,Alexander Kuo,2025-04-11,02:00:23,-07:00,2025-04-11T02:00:23-07:00,0,12
resume\index.html,138,html,b55788b4,Alexander Kuo,2025-04-11,02:00:23,-07:00,2025-04-11T02:00:23-07:00,0,14
resume\index.html,139,html,b55788b4,Alexander Kuo,2025-04-11,02:00:23,-07:00,2025-04-11T02:00:23-07:00,0,50
resume\index.html,140,html,b55788b4,Alexander Kuo,2025-04-11,02:00:23,-07:00,2025-04-11T02:00:23-07:00,0,14
resume\index.html,141,html,b55788b4,Alexander Kuo,2025-04-11,02:00:23,-07:00,2025-04-11T02:00:23-07:00,0,11
resume\index.html,142,html,b55788b4,Alexander Kuo,2025-04-11,02:00:23,-07:00,2025-04-11T02:00:23-07:00,0,4
resume\index.html,143,html,b55788b4,Alexander Kuo,2025-04-11,02:00:23,-07:00,2025-04-11T02:00:23-07:00,0,9
resume\index.html,144,html,b55788b4,Alexander Kuo,2025-04-11,02:00:23,-07:00,2025-04-11T02:00:23-07:00,0,9
resume\index.html,145,html,b55788b4,Alexander Kuo,2025-04-11,02:00:23,-07:00,2025-04-11T02:00:23-07:00,0,5
resume\index.html,146,html,a5159b12,Alexander Kuo,2025-04-04,18:18:59,-07:00,2025-04-04T18:18:59-07:00,0,6
resume\index.html,147,html,a5159b12,Alexander Kuo,2025-04-04,18:18:59,-07:00,2025-04-04T18:18:59-07:00,0,6
projects\projects.js,1,js,3d7a5d47,Alexander Kuo,2025-04-25,23:24:50,-07:00,2025-04-25T23:24:50-07:00,0,56
projects\projects.js,2,js,2baddab1,Alexander Kuo,2025-05-03,20:32:42,-07:00,2025-05-03T20:32:42-07:00,0,64
projects\projects.js,3,js,2baddab1,Alexander Kuo,2025-05-03,20:32:42,-07:00,2025-05-03T20:32:42-07:00,0,0
projects\projects.js,4,js,3d7a5d47,Alexander Kuo,2025-04-25,23:24:50,-07:00,2025-04-25T23:24:50-07:00,0,56
projects\projects.js,5,js,3d7a5d47,Alexander Kuo,2025-04-25,23:24:50,-07:00,2025-04-25T23:24:50-07:00,0,61
projects\projects.js,6,js,2baddab1,Alexander Kuo,2025-05-03,20:32:42,-07:00,2025-05-03T20:32:42-07:00,0,49
projects\projects.js,7,js,2baddab1,Alexander Kuo,2025-05-03,20:32:42,-07:00,2025-05-03T20:32:42-07:00,0,0
projects\projects.js,8,js,2baddab1,Alexander Kuo,2025-05-03,20:32:42,-07:00,2025-05-03T20:32:42-07:00,0,58
projects\projects.js,9,js,2baddab1,Alexander Kuo,2025-05-03,20:32:42,-07:00,2025-05-03T20:32:42-07:00,0,0
projects\projects.js,10,js,2baddab1,Alexander Kuo,2025-05-03,20:32:42,-07:00,2025-05-03T20:32:42-07:00,0,0
projects\projects.js,11,js,2baddab1,Alexander Kuo,2025-05-03,20:32:42,-07:00,2025-05-03T20:32:42-07:00,0,30
projects\projects.js,12,js,2baddab1,Alexander Kuo,2025-05-03,20:32:42,-07:00,2025-05-03T20:32:42-07:00,0,15
projects\projects.js,13,js,2baddab1,Alexander Kuo,2025-05-03,20:32:42,-07:00,2025-05-03T20:32:42-07:00,0,22
projects\projects.js,14,js,2baddab1,Alexander Kuo,2025-05-03,20:32:42,-07:00,2025-05-03T20:32:42-07:00,0,20
projects\projects.js,15,js,2baddab1,Alexander Kuo,2025-05-03,20:32:42,-07:00,2025-05-03T20:32:42-07:00,0,8
projects\projects.js,16,js,2baddab1,Alexander Kuo,2025-05-03,20:32:42,-07:00,2025-05-03T20:32:42-07:00,0,52
projects\projects.js,17,js,2baddab1,Alexander Kuo,2025-05-03,20:32:42,-07:00,2025-05-03T20:32:42-07:00,0,47
projects\projects.js,18,js,2baddab1,Alexander Kuo,2025-05-03,20:32:42,-07:00,2025-05-03T20:32:42-07:00,0,9
projects\projects.js,19,js,2baddab1,Alexander Kuo,2025-05-03,20:32:42,-07:00,2025-05-03T20:32:42-07:00,0,0
projects\projects.js,20,js,2baddab1,Alexander Kuo,2025-05-03,20:32:42,-07:00,2025-05-03T20:32:42-07:00,0,58
projects\projects.js,21,js,2baddab1,Alexander Kuo,2025-05-03,20:32:42,-07:00,2025-05-03T20:32:42-07:00,0,41
projects\projects.js,22,js,2baddab1,Alexander Kuo,2025-05-03,20:32:42,-07:00,2025-05-03T20:32:42-07:00,0,53
projects\projects.js,23,js,2baddab1,Alexander Kuo,2025-05-03,20:32:42,-07:00,2025-05-03T20:32:42-07:00,0,0
projects\projects.js,24,js,2baddab1,Alexander Kuo,2025-05-03,20:32:42,-07:00,2025-05-03T20:32:42-07:00,0,55
projects\projects.js,25,js,2baddab1,Alexander Kuo,2025-05-03,20:32:42,-07:00,2025-05-03T20:32:42-07:00,0,34
projects\projects.js,26,js,2baddab1,Alexander Kuo,2025-05-03,20:32:42,-07:00,2025-05-03T20:32:42-07:00,0,26
projects\projects.js,27,js,2baddab1,Alexander Kuo,2025-05-03,20:32:42,-07:00,2025-05-03T20:32:42-07:00,0,25
projects\projects.js,28,js,2baddab1,Alexander Kuo,2025-05-03,20:32:42,-07:00,2025-05-03T20:32:42-07:00,0,25
projects\projects.js,29,js,2baddab1,Alexander Kuo,2025-05-03,20:32:42,-07:00,2025-05-03T20:32:42-07:00,0,109
projects\projects.js,30,js,2baddab1,Alexander Kuo,2025-05-03,20:32:42,-07:00,2025-05-03T20:32:42-07:00,0,8
projects\projects.js,31,js,2baddab1,Alexander Kuo,2025-05-03,20:32:42,-07:00,2025-05-03T20:32:42-07:00,0,40
projects\projects.js,32,js,2baddab1,Alexander Kuo,2025-05-03,20:32:42,-07:00,2025-05-03T20:32:42-07:00,0,32
projects\projects.js,33,js,2baddab1,Alexander Kuo,2025-05-03,20:32:42,-07:00,2025-05-03T20:32:42-07:00,0,12
projects\projects.js,34,js,2baddab1,Alexander Kuo,2025-05-03,20:32:42,-07:00,2025-05-03T20:32:42-07:00,0,23
projects\projects.js,35,js,2baddab1,Alexander Kuo,2025-05-03,20:32:42,-07:00,2025-05-03T20:32:42-07:00,0,105
projects\projects.js,36,js,2baddab1,Alexander Kuo,2025-05-03,20:32:42,-07:00,2025-05-03T20:32:42-07:00,0,35
projects\projects.js,37,js,2baddab1,Alexander Kuo,2025-05-03,20:32:42,-07:00,2025-05-03T20:32:42-07:00,0,152
projects\projects.js,38,js,2baddab1,Alexander Kuo,2025-05-03,20:32:42,-07:00,2025-05-03T20:32:42-07:00,0,5
projects\projects.js,39,js,2baddab1,Alexander Kuo,2025-05-03,20:32:42,-07:00,2025-05-03T20:32:42-07:00,0,0
projects\projects.js,40,js,2baddab1,Alexander Kuo,2025-05-03,20:32:42,-07:00,2025-05-03T20:32:42-07:00,0,39
projects\projects.js,41,js,2baddab1,Alexander Kuo,2025-05-03,20:32:42,-07:00,2025-05-03T20:32:42-07:00,0,30
projects\projects.js,42,js,2baddab1,Alexander Kuo,2025-05-03,20:32:42,-07:00,2025-05-03T20:32:42-07:00,0,13
projects\projects.js,43,js,2baddab1,Alexander Kuo,2025-05-03,20:32:42,-07:00,2025-05-03T20:32:42-07:00,0,15
projects\projects.js,44,js,2baddab1,Alexander Kuo,2025-05-03,20:32:42,-07:00,2025-05-03T20:32:42-07:00,0,13
projects\projects.js,45,js,2baddab1,Alexander Kuo,2025-05-03,20:32:42,-07:00,2025-05-03T20:32:42-07:00,0,1
projects\projects.js,46,js,2baddab1,Alexander Kuo,2025-05-03,20:32:42,-07:00,2025-05-03T20:32:42-07:00,0,26
projects\projects.js,47,js,2baddab1,Alexander Kuo,2025-05-03,20:32:42,-07:00,2025-05-03T20:32:42-07:00,0,30
projects\projects.js,48,js,2baddab1,Alexander Kuo,2025-05-03,20:32:42,-07:00,2025-05-03T20:32:42-07:00,0,33
projects\projects.js,49,js,2baddab1,Alexander Kuo,2025-05-03,20:32:42,-07:00,2025-05-03T20:32:42-07:00,0,31
projects\projects.js,50,js,2baddab1,Alexander Kuo,2025-05-03,20:32:42,-07:00,2025-05-03T20:32:42-07:00,0,0
projects\projects.js,51,js,2baddab1,Alexander Kuo,2025-05-03,20:32:42,-07:00,2025-05-03T20:32:42-07:00,0,51
projects\projects.js,52,js,2baddab1,Alexander Kuo,2025-05-03,20:32:42,-07:00,2025-05-03T20:32:42-07:00,0,36
projects\projects.js,53,js,2baddab1,Alexander Kuo,2025-05-03,20:32:42,-07:00,2025-05-03T20:32:42-07:00,0,2
projects\projects.js,54,js,2baddab1,Alexander Kuo,2025-05-03,20:32:42,-07:00,2025-05-03T20:32:42-07:00,0,54
projects\projects.js,55,js,2baddab1,Alexander Kuo,2025-05-03,20:32:42,-07:00,2025-05-03T20:32:42-07:00,0,43
projects\projects.js,56,js,2baddab1,Alexander Kuo,2025-05-03,20:32:42,-07:00,2025-05-03T20:32:42-07:00,0,52
projects\projects.js,57,js,2baddab1,Alexander Kuo,2025-05-03,20:32:42,-07:00,2025-05-03T20:32:42-07:00,0,48
projects\projects.js,58,js,2baddab1,Alexander Kuo,2025-05-03,20:32:42,-07:00,2025-05-03T20:32:42-07:00,0,0
projects\projects.js,59,js,2baddab1,Alexander Kuo,2025-05-03,20:32:42,-07:00,2025-05-03T20:32:42-07:00,0,21
projects\projects.js,60,js,2baddab1,Alexander Kuo,2025-05-03,20:32:42,-07:00,2025-05-03T20:32:42-07:00,0,72
projects\projects.js,61,js,2baddab1,Alexander Kuo,2025-05-03,20:32:42,-07:00,2025-05-03T20:32:42-07:00,0,0
projects\projects.js,62,js,2baddab1,Alexander Kuo,2025-05-03,20:32:42,-07:00,2025-05-03T20:32:42-07:00,0,30
projects\projects.js,63,js,2baddab1,Alexander Kuo,2025-05-03,20:32:42,-07:00,2025-05-03T20:32:42-07:00,0,15
projects\projects.js,64,js,2baddab1,Alexander Kuo,2025-05-03,20:32:42,-07:00,2025-05-03T20:32:42-07:00,0,14
projects\projects.js,65,js,2baddab1,Alexander Kuo,2025-05-03,20:32:42,-07:00,2025-05-03T20:32:42-07:00,0,14
projects\projects.js,66,js,2baddab1,Alexander Kuo,2025-05-03,20:32:42,-07:00,2025-05-03T20:32:42-07:00,0,25
projects\projects.js,67,js,2baddab1,Alexander Kuo,2025-05-03,20:32:42,-07:00,2025-05-03T20:32:42-07:00,0,19
projects\projects.js,68,js,2baddab1,Alexander Kuo,2025-05-03,20:32:42,-07:00,2025-05-03T20:32:42-07:00,0,48
projects\projects.js,69,js,2baddab1,Alexander Kuo,2025-05-03,20:32:42,-07:00,2025-05-03T20:32:42-07:00,0,2
projects\projects.js,70,js,2baddab1,Alexander Kuo,2025-05-03,20:32:42,-07:00,2025-05-03T20:32:42-07:00,0,17
projects\projects.js,71,js,2baddab1,Alexander Kuo,2025-05-03,20:32:42,-07:00,2025-05-03T20:32:42-07:00,0,27
projects\projects.js,72,js,2baddab1,Alexander Kuo,2025-05-03,20:32:42,-07:00,2025-05-03T20:32:42-07:00,0,38
projects\projects.js,73,js,2baddab1,Alexander Kuo,2025-05-03,20:32:42,-07:00,2025-05-03T20:32:42-07:00,0,2
projects\projects.js,74,js,2baddab1,Alexander Kuo,2025-05-03,20:32:42,-07:00,2025-05-03T20:32:42-07:00,0,5
projects\projects.js,75,js,2baddab1,Alexander Kuo,2025-05-03,20:32:42,-07:00,2025-05-03T20:32:42-07:00,0,15
projects\projects.js,76,js,2baddab1,Alexander Kuo,2025-05-03,20:32:42,-07:00,2025-05-03T20:32:42-07:00,0,27
projects\projects.js,77,js,2baddab1,Alexander Kuo,2025-05-03,20:32:42,-07:00,2025-05-03T20:32:42-07:00,0,53
projects\projects.js,78,js,2baddab1,Alexander Kuo,2025-05-03,20:32:42,-07:00,2025-05-03T20:32:42-07:00,0,1
projects\projects.js,79,js,2baddab1,Alexander Kuo,2025-05-03,20:32:42,-07:00,2025-05-03T20:32:42-07:00,0,0
projects\projects.js,80,js,2baddab1,Alexander Kuo,2025-05-03,20:32:42,-07:00,2025-05-03T20:32:42-07:00,0,26
projects\projects.js,81,js,2baddab1,Alexander Kuo,2025-05-03,20:32:42,-07:00,2025-05-03T20:32:42-07:00,0,54
projects\projects.js,82,js,2baddab1,Alexander Kuo,2025-05-03,20:32:42,-07:00,2025-05-03T20:32:42-07:00,0,0
projects\projects.js,83,js,2baddab1,Alexander Kuo,2025-05-03,20:32:42,-07:00,2025-05-03T20:32:42-07:00,0,5
projects\projects.js,84,js,2baddab1,Alexander Kuo,2025-05-03,20:32:42,-07:00,2025-05-03T20:32:42-07:00,0,57
projects\projects.js,85,js,2baddab1,Alexander Kuo,2025-05-03,20:32:42,-07:00,2025-05-03T20:32:42-07:00,0,43
projects\projects.js,86,js,2baddab1,Alexander Kuo,2025-05-03,20:32:42,-07:00,2025-05-03T20:32:42-07:00,0,2
projects\projects.js,87,js,2baddab1,Alexander Kuo,2025-05-03,20:32:42,-07:00,2025-05-03T20:32:42-07:00,0,57
projects\projects.js,88,js,2baddab1,Alexander Kuo,2025-05-03,20:32:42,-07:00,2025-05-03T20:32:42-07:00,0,0
projects\projects.js,89,js,2baddab1,Alexander Kuo,2025-05-03,20:32:42,-07:00,2025-05-03T20:32:42-07:00,0,2
projects\projects.js,90,js,2baddab1,Alexander Kuo,2025-05-03,20:32:42,-07:00,2025-05-03T20:32:42-07:00,0,1
projects\projects.js,91,js,2baddab1,Alexander Kuo,2025-05-03,20:32:42,-07:00,2025-05-03T20:32:42-07:00,0,28
projects\projects.js,92,js,2baddab1,Alexander Kuo,2025-05-03,20:32:42,-07:00,2025-05-03T20:32:42-07:00,0,5
projects\projects.js,93,js,2baddab1,Alexander Kuo,2025-05-03,20:32:42,-07:00,2025-05-03T20:32:42-07:00,0,12
projects\projects.js,94,js,2baddab1,Alexander Kuo,2025-05-03,20:32:42,-07:00,2025-05-03T20:32:42-07:00,0,39
projects\projects.js,95,js,2baddab1,Alexander Kuo,2025-05-03,20:32:42,-07:00,2025-05-03T20:32:42-07:00,0,24
projects\projects.js,96,js,2baddab1,Alexander Kuo,2025-05-03,20:32:42,-07:00,2025-05-03T20:32:42-07:00,0,110
projects\projects.js,97,js,2baddab1,Alexander Kuo,2025-05-03,20:32:42,-07:00,2025-05-03T20:32:42-07:00,0,2
projects\projects.js,98,js,2baddab1,Alexander Kuo,2025-05-03,20:32:42,-07:00,2025-05-03T20:32:42-07:00,0,0
projects\projects.js,99,js,2baddab1,Alexander Kuo,2025-05-03,20:32:42,-07:00,2025-05-03T20:32:42-07:00,0,0
projects\projects.js,100,js,2baddab1,Alexander Kuo,2025-05-03,20:32:42,-07:00,2025-05-03T20:32:42-07:00,0,0
projects\projects.js,101,js,2baddab1,Alexander Kuo,2025-05-03,20:32:42,-07:00,2025-05-03T20:32:42-07:00,0,24
projects\projects.js,102,js,2baddab1,Alexander Kuo,2025-05-03,20:32:42,-07:00,2025-05-03T20:32:42-07:00,0,0
projects\projects.js,103,js,2baddab1,Alexander Kuo,2025-05-03,20:32:42,-07:00,2025-05-03T20:32:42-07:00,0,0
projects\projects.js,104,js,2baddab1,Alexander Kuo,2025-05-03,20:32:42,-07:00,2025-05-03T20:32:42-07:00,0,14
projects\projects.js,105,js,2baddab1,Alexander Kuo,2025-05-03,20:32:42,-07:00,2025-05-03T20:32:42-07:00,0,54
projects\projects.js,106,js,2baddab1,Alexander Kuo,2025-05-03,20:32:42,-07:00,2025-05-03T20:32:42-07:00,0,50
projects\projects.js,107,js,2baddab1,Alexander Kuo,2025-05-03,20:32:42,-07:00,2025-05-03T20:32:42-07:00,0,0
projects\projects.js,108,js,2baddab1,Alexander Kuo,2025-05-03,20:32:42,-07:00,2025-05-03T20:32:42-07:00,0,26
projects\projects.js,109,js,2baddab1,Alexander Kuo,2025-05-03,20:32:42,-07:00,2025-05-03T20:32:42-07:00,0,0
projects\projects.js,110,js,2baddab1,Alexander Kuo,2025-05-03,20:32:42,-07:00,2025-05-03T20:32:42-07:00,0,52
projects\projects.js,111,js,2baddab1,Alexander Kuo,2025-05-03,20:32:42,-07:00,2025-05-03T20:32:42-07:00,0,60
projects\projects.js,112,js,2baddab1,Alexander Kuo,2025-05-03,20:32:42,-07:00,2025-05-03T20:32:42-07:00,0,43
projects\projects.js,113,js,2baddab1,Alexander Kuo,2025-05-03,20:32:42,-07:00,2025-05-03T20:32:42-07:00,0,2
projects\projects.js,114,js,2baddab1,Alexander Kuo,2025-05-03,20:32:42,-07:00,2025-05-03T20:32:42-07:00,0,0
projects\projects.js,115,js,2baddab1,Alexander Kuo,2025-05-03,20:32:42,-07:00,2025-05-03T20:32:42-07:00,0,57
projects\projects.js,116,js,2baddab1,Alexander Kuo,2025-05-03,20:32:42,-07:00,2025-05-03T20:32:42-07:00,0,29
projects\projects.js,117,js,2baddab1,Alexander Kuo,2025-05-03,20:32:42,-07:00,2025-05-03T20:32:42-07:00,0,33
projects\projects.js,118,js,2baddab1,Alexander Kuo,2025-05-03,20:32:42,-07:00,2025-05-03T20:32:42-07:00,0,32
projects\projects.js,119,js,2baddab1,Alexander Kuo,2025-05-03,20:32:42,-07:00,2025-05-03T20:32:42-07:00,0,2
projects\index.html,1,html,9337366f,Alexander Kuo,2025-04-04,02:09:05,-07:00,2025-04-04T02:09:05-07:00,0,14
projects\index.html,2,html,9337366f,Alexander Kuo,2025-04-04,02:09:05,-07:00,2025-04-04T02:09:05-07:00,0,15
projects\index.html,3,html,9337366f,Alexander Kuo,2025-04-04,02:09:05,-07:00,2025-04-04T02:09:05-07:00,0,5
projects\index.html,4,html,b55788b4,Alexander Kuo,2025-04-11,02:00:23,-07:00,2025-04-11T02:00:23-07:00,0,42
projects\index.html,5,html,9337366f,Alexander Kuo,2025-04-04,02:09:05,-07:00,2025-04-04T02:09:05-07:00,0,21
projects\index.html,6,html,9337366f,Alexander Kuo,2025-04-04,02:09:05,-07:00,2025-04-04T02:09:05-07:00,0,69
projects\index.html,7,html,9337366f,Alexander Kuo,2025-04-04,02:09:05,-07:00,2025-04-04T02:09:05-07:00,0,22
projects\index.html,8,html,9337366f,Alexander Kuo,2025-04-04,02:09:05,-07:00,2025-04-04T02:09:05-07:00,0,6
projects\index.html,9,html,9337366f,Alexander Kuo,2025-04-04,02:09:05,-07:00,2025-04-04T02:09:05-07:00,0,5
projects\index.html,10,html,86d0a627,Alexander Kuo,2025-04-18,21:09:50,-07:00,2025-04-18T21:09:50-07:00,0,49
projects\index.html,11,html,86d0a627,Alexander Kuo,2025-04-18,21:09:50,-07:00,2025-04-18T21:09:50-07:00,0,9
projects\index.html,12,html,b55788b4,Alexander Kuo,2025-04-11,02:00:23,-07:00,2025-04-11T02:00:23-07:00,0,31
projects\index.html,13,html,86d0a627,Alexander Kuo,2025-04-18,21:09:50,-07:00,2025-04-18T21:09:50-07:00,0,34
projects\index.html,14,html,b55788b4,Alexander Kuo,2025-04-11,02:00:23,-07:00,2025-04-11T02:00:23-07:00,0,42
projects\index.html,15,html,b55788b4,Alexander Kuo,2025-04-11,02:00:23,-07:00,2025-04-11T02:00:23-07:00,0,61
projects\index.html,16,html,b55788b4,Alexander Kuo,2025-04-11,02:00:23,-07:00,2025-04-11T02:00:23-07:00,0,42
projects\index.html,17,html,86d0a627,Alexander Kuo,2025-04-18,21:09:50,-07:00,2025-04-18T21:09:50-07:00,0,9
projects\index.html,18,html,3d7a5d47,Alexander Kuo,2025-04-25,23:24:50,-07:00,2025-04-25T23:24:50-07:00,0,39
projects\index.html,19,html,2baddab1,Alexander Kuo,2025-05-03,20:32:42,-07:00,2025-05-03T20:32:42-07:00,0,22
projects\index.html,20,html,2baddab1,Alexander Kuo,2025-05-03,20:32:42,-07:00,2025-05-03T20:32:42-07:00,0,0
projects\index.html,21,html,2baddab1,Alexander Kuo,2025-05-03,20:32:42,-07:00,2025-05-03T20:32:42-07:00,0,49
projects\index.html,22,html,2baddab1,Alexander Kuo,2025-05-03,20:32:42,-07:00,2025-05-03T20:32:42-07:00,0,78
projects\index.html,23,html,2baddab1,Alexander Kuo,2025-05-03,20:32:42,-07:00,2025-05-03T20:32:42-07:00,0,5
projects\index.html,24,html,2baddab1,Alexander Kuo,2025-05-03,20:32:42,-07:00,2025-05-03T20:32:42-07:00,0,23
projects\index.html,25,html,2baddab1,Alexander Kuo,2025-05-03,20:32:42,-07:00,2025-05-03T20:32:42-07:00,0,5
projects\index.html,26,html,2baddab1,Alexander Kuo,2025-05-03,20:32:42,-07:00,2025-05-03T20:32:42-07:00,0,5
projects\index.html,27,html,2baddab1,Alexander Kuo,2025-05-03,20:32:42,-07:00,2025-05-03T20:32:42-07:00,0,16
projects\index.html,28,html,2baddab1,Alexander Kuo,2025-05-03,20:32:42,-07:00,2025-05-03T20:32:42-07:00,0,12
projects\index.html,29,html,2baddab1,Alexander Kuo,2025-05-03,20:32:42,-07:00,2025-05-03T20:32:42-07:00,0,27
projects\index.html,30,html,2baddab1,Alexander Kuo,2025-05-03,20:32:42,-07:00,2025-05-03T20:32:42-07:00,0,32
projects\index.html,31,html,2baddab1,Alexander Kuo,2025-05-03,20:32:42,-07:00,2025-05-03T20:32:42-07:00,0,1
projects\index.html,32,html,3d7a5d47,Alexander Kuo,2025-04-25,23:24:50,-07:00,2025-04-25T23:24:50-07:00,0,21
projects\index.html,33,html,3d7a5d47,Alexander Kuo,2025-04-25,23:24:50,-07:00,2025-04-25T23:24:50-07:00,0,49
projects\index.html,34,html,3d7a5d47,Alexander Kuo,2025-04-25,23:24:50,-07:00,2025-04-25T23:24:50-07:00,0,48
projects\index.html,35,html,3d7a5d47,Alexander Kuo,2025-04-25,23:24:50,-07:00,2025-04-25T23:24:50-07:00,0,13
projects\index.html,36,html,b55788b4,Alexander Kuo,2025-04-11,02:00:23,-07:00,2025-04-11T02:00:23-07:00,0,30
projects\index.html,37,html,b55788b4,Alexander Kuo,2025-04-11,02:00:23,-07:00,2025-04-11T02:00:23-07:00,0,71
projects\index.html,38,html,b55788b4,Alexander Kuo,2025-04-11,02:00:23,-07:00,2025-04-11T02:00:23-07:00,0,230
projects\index.html,39,html,b55788b4,Alexander Kuo,2025-04-11,02:00:23,-07:00,2025-04-11T02:00:23-07:00,0,9
projects\index.html,40,html,b55788b4,Alexander Kuo,2025-04-11,02:00:23,-07:00,2025-04-11T02:00:23-07:00,0,8
projects\index.html,41,html,b55788b4,Alexander Kuo,2025-04-11,02:00:23,-07:00,2025-04-11T02:00:23-07:00,0,44
projects\index.html,42,html,b55788b4,Alexander Kuo,2025-04-11,02:00:23,-07:00,2025-04-11T02:00:23-07:00,0,71
projects\index.html,43,html,b55788b4,Alexander Kuo,2025-04-11,02:00:23,-07:00,2025-04-11T02:00:23-07:00,0,226
projects\index.html,44,html,b55788b4,Alexander Kuo,2025-04-11,02:00:23,-07:00,2025-04-11T02:00:23-07:00,0,9
projects\index.html,45,html,b55788b4,Alexander Kuo,2025-04-11,02:00:23,-07:00,2025-04-11T02:00:23-07:00,0,8
projects\index.html,46,html,b55788b4,Alexander Kuo,2025-04-11,02:00:23,-07:00,2025-04-11T02:00:23-07:00,0,38
projects\index.html,47,html,b55788b4,Alexander Kuo,2025-04-11,02:00:23,-07:00,2025-04-11T02:00:23-07:00,0,71
projects\index.html,48,html,b55788b4,Alexander Kuo,2025-04-11,02:00:23,-07:00,2025-04-11T02:00:23-07:00,0,256
projects\index.html,49,html,b55788b4,Alexander Kuo,2025-04-11,02:00:23,-07:00,2025-04-11T02:00:23-07:00,0,9
projects\index.html,50,html,b55788b4,Alexander Kuo,2025-04-11,02:00:23,-07:00,2025-04-11T02:00:23-07:00,0,8
projects\index.html,51,html,b55788b4,Alexander Kuo,2025-04-11,02:00:23,-07:00,2025-04-11T02:00:23-07:00,0,38
projects\index.html,52,html,b55788b4,Alexander Kuo,2025-04-11,02:00:23,-07:00,2025-04-11T02:00:23-07:00,0,71
projects\index.html,53,html,b55788b4,Alexander Kuo,2025-04-11,02:00:23,-07:00,2025-04-11T02:00:23-07:00,0,246
projects\index.html,54,html,b55788b4,Alexander Kuo,2025-04-11,02:00:23,-07:00,2025-04-11T02:00:23-07:00,0,9
projects\index.html,55,html,b55788b4,Alexander Kuo,2025-04-11,02:00:23,-07:00,2025-04-11T02:00:23-07:00,0,8
projects\index.html,56,html,b55788b4,Alexander Kuo,2025-04-11,02:00:23,-07:00,2025-04-11T02:00:23-07:00,0,38
projects\index.html,57,html,b55788b4,Alexander Kuo,2025-04-11,02:00:23,-07:00,2025-04-11T02:00:23-07:00,0,71
projects\index.html,58,html,b55788b4,Alexander Kuo,2025-04-11,02:00:23,-07:00,2025-04-11T02:00:23-07:00,0,240
projects\index.html,59,html,b55788b4,Alexander Kuo,2025-04-11,02:00:23,-07:00,2025-04-11T02:00:23-07:00,0,9
projects\index.html,60,html,b55788b4,Alexander Kuo,2025-04-11,02:00:23,-07:00,2025-04-11T02:00:23-07:00,0,8
projects\index.html,61,html,b55788b4,Alexander Kuo,2025-04-11,02:00:23,-07:00,2025-04-11T02:00:23-07:00,0,29
projects\index.html,62,html,b55788b4,Alexander Kuo,2025-04-11,02:00:23,-07:00,2025-04-11T02:00:23-07:00,0,71
projects\index.html,63,html,b55788b4,Alexander Kuo,2025-04-11,02:00:23,-07:00,2025-04-11T02:00:23-07:00,0,250
projects\index.html,64,html,b55788b4,Alexander Kuo,2025-04-11,02:00:23,-07:00,2025-04-11T02:00:23-07:00,0,9
projects\index.html,65,html,b55788b4,Alexander Kuo,2025-04-11,02:00:23,-07:00,2025-04-11T02:00:23-07:00,0,8
projects\index.html,66,html,b55788b4,Alexander Kuo,2025-04-11,02:00:23,-07:00,2025-04-11T02:00:23-07:00,0,37
projects\index.html,67,html,b55788b4,Alexander Kuo,2025-04-11,02:00:23,-07:00,2025-04-11T02:00:23-07:00,0,71
projects\index.html,68,html,b55788b4,Alexander Kuo,2025-04-11,02:00:23,-07:00,2025-04-11T02:00:23-07:00,0,253
projects\index.html,69,html,b55788b4,Alexander Kuo,2025-04-11,02:00:23,-07:00,2025-04-11T02:00:23-07:00,0,9
projects\index.html,70,html,b55788b4,Alexander Kuo,2025-04-11,02:00:23,-07:00,2025-04-11T02:00:23-07:00,0,8
projects\index.html,71,html,b55788b4,Alexander Kuo,2025-04-11,02:00:23,-07:00,2025-04-11T02:00:23-07:00,0,44
projects\index.html,72,html,b55788b4,Alexander Kuo,2025-04-11,02:00:23,-07:00,2025-04-11T02:00:23-07:00,0,71
projects\index.html,73,html,b55788b4,Alexander Kuo,2025-04-11,02:00:23,-07:00,2025-04-11T02:00:23-07:00,0,233
projects\index.html,74,html,b55788b4,Alexander Kuo,2025-04-11,02:00:23,-07:00,2025-04-11T02:00:23-07:00,0,9
projects\index.html,75,html,b55788b4,Alexander Kuo,2025-04-11,02:00:23,-07:00,2025-04-11T02:00:23-07:00,0,8
projects\index.html,76,html,b55788b4,Alexander Kuo,2025-04-11,02:00:23,-07:00,2025-04-11T02:00:23-07:00,0,35
projects\index.html,77,html,b55788b4,Alexander Kuo,2025-04-11,02:00:23,-07:00,2025-04-11T02:00:23-07:00,0,71
projects\index.html,78,html,b55788b4,Alexander Kuo,2025-04-11,02:00:23,-07:00,2025-04-11T02:00:23-07:00,0,229
projects\index.html,79,html,b55788b4,Alexander Kuo,2025-04-11,02:00:23,-07:00,2025-04-11T02:00:23-07:00,0,9
projects\index.html,80,html,b55788b4,Alexander Kuo,2025-04-11,02:00:23,-07:00,2025-04-11T02:00:23-07:00,0,8
projects\index.html,81,html,b55788b4,Alexander Kuo,2025-04-11,02:00:23,-07:00,2025-04-11T02:00:23-07:00,0,46
projects\index.html,82,html,b55788b4,Alexander Kuo,2025-04-11,02:00:23,-07:00,2025-04-11T02:00:23-07:00,0,71
projects\index.html,83,html,b55788b4,Alexander Kuo,2025-04-11,02:00:23,-07:00,2025-04-11T02:00:23-07:00,0,223
projects\index.html,84,html,b55788b4,Alexander Kuo,2025-04-11,02:00:23,-07:00,2025-04-11T02:00:23-07:00,0,9
projects\index.html,85,html,b55788b4,Alexander Kuo,2025-04-11,02:00:23,-07:00,2025-04-11T02:00:23-07:00,0,8
projects\index.html,86,html,b55788b4,Alexander Kuo,2025-04-11,02:00:23,-07:00,2025-04-11T02:00:23-07:00,0,35
projects\index.html,87,html,b55788b4,Alexander Kuo,2025-04-11,02:00:23,-07:00,2025-04-11T02:00:23-07:00,0,71
projects\index.html,88,html,b55788b4,Alexander Kuo,2025-04-11,02:00:23,-07:00,2025-04-11T02:00:23-07:00,0,235
projects\index.html,89,html,b55788b4,Alexander Kuo,2025-04-11,02:00:23,-07:00,2025-04-11T02:00:23-07:00,0,9
projects\index.html,90,html,b55788b4,Alexander Kuo,2025-04-11,02:00:23,-07:00,2025-04-11T02:00:23-07:00,0,8
projects\index.html,91,html,b55788b4,Alexander Kuo,2025-04-11,02:00:23,-07:00,2025-04-11T02:00:23-07:00,0,34
projects\index.html,92,html,b55788b4,Alexander Kuo,2025-04-11,02:00:23,-07:00,2025-04-11T02:00:23-07:00,0,71
projects\index.html,93,html,b55788b4,Alexander Kuo,2025-04-11,02:00:23,-07:00,2025-04-11T02:00:23-07:00,0,241
projects\index.html,94,html,3d7a5d47,Alexander Kuo,2025-04-25,23:24:50,-07:00,2025-04-25T23:24:50-07:00,0,13
projects\index.html,95,html,b55788b4,Alexander Kuo,2025-04-11,02:00:23,-07:00,2025-04-11T02:00:23-07:00,0,5
projects\index.html,96,html,9337366f,Alexander Kuo,2025-04-04,02:09:05,-07:00,2025-04-04T02:09:05-07:00,0,6
projects\index.html,97,html,9337366f,Alexander Kuo,2025-04-04,02:09:05,-07:00,2025-04-04T02:09:05-07:00,0,6
contact\index.html,1,html,9337366f,Alexander Kuo,2025-04-04,02:09:05,-07:00,2025-04-04T02:09:05-07:00,0,14
contact\index.html,2,html,9337366f,Alexander Kuo,2025-04-04,02:09:05,-07:00,2025-04-04T02:09:05-07:00,0,15
contact\index.html,3,html,9337366f,Alexander Kuo,2025-04-04,02:09:05,-07:00,2025-04-04T02:09:05-07:00,0,5
contact\index.html,4,html,b55788b4,Alexander Kuo,2025-04-11,02:00:23,-07:00,2025-04-11T02:00:23-07:00,0,42
contact\index.html,5,html,9337366f,Alexander Kuo,2025-04-04,02:09:05,-07:00,2025-04-04T02:09:05-07:00,0,21
contact\index.html,6,html,9337366f,Alexander Kuo,2025-04-04,02:09:05,-07:00,2025-04-04T02:09:05-07:00,0,69
contact\index.html,7,html,b55788b4,Alexander Kuo,2025-04-11,02:00:23,-07:00,2025-04-11T02:00:23-07:00,0,21
contact\index.html,8,html,9337366f,Alexander Kuo,2025-04-04,02:09:05,-07:00,2025-04-04T02:09:05-07:00,0,6
contact\index.html,9,html,9337366f,Alexander Kuo,2025-04-04,02:09:05,-07:00,2025-04-04T02:09:05-07:00,0,5
contact\index.html,10,html,86d0a627,Alexander Kuo,2025-04-18,21:09:50,-07:00,2025-04-18T21:09:50-07:00,0,49
contact\index.html,11,html,86d0a627,Alexander Kuo,2025-04-18,21:09:50,-07:00,2025-04-18T21:09:50-07:00,0,9
contact\index.html,12,html,b55788b4,Alexander Kuo,2025-04-11,02:00:23,-07:00,2025-04-11T02:00:23-07:00,0,31
contact\index.html,13,html,b55788b4,Alexander Kuo,2025-04-11,02:00:23,-07:00,2025-04-11T02:00:23-07:00,0,44
contact\index.html,14,html,86d0a627,Alexander Kuo,2025-04-18,21:09:50,-07:00,2025-04-18T21:09:50-07:00,0,33
contact\index.html,15,html,b55788b4,Alexander Kuo,2025-04-11,02:00:23,-07:00,2025-04-11T02:00:23-07:00,0,61
contact\index.html,16,html,b55788b4,Alexander Kuo,2025-04-11,02:00:23,-07:00,2025-04-11T02:00:23-07:00,0,42
contact\index.html,17,html,86d0a627,Alexander Kuo,2025-04-18,21:09:50,-07:00,2025-04-18T21:09:50-07:00,0,9
contact\index.html,18,html,9337366f,Alexander Kuo,2025-04-04,02:09:05,-07:00,2025-04-04T02:09:05-07:00,0,15
contact\index.html,19,html,a5159b12,Alexander Kuo,2025-04-04,18:18:59,-07:00,2025-04-04T18:18:59-07:00,0,83
contact\index.html,20,html,b55788b4,Alexander Kuo,2025-04-11,02:00:23,-07:00,2025-04-11T02:00:23-07:00,0,54
contact\index.html,21,html,b55788b4,Alexander Kuo,2025-04-11,02:00:23,-07:00,2025-04-11T02:00:23-07:00,0,45
contact\index.html,22,html,b55788b4,Alexander Kuo,2025-04-11,02:00:23,-07:00,2025-04-11T02:00:23-07:00,0,56
contact\index.html,23,html,a5159b12,Alexander Kuo,2025-04-04,18:18:59,-07:00,2025-04-04T18:18:59-07:00,0,36
contact\index.html,24,html,a5159b12,Alexander Kuo,2025-04-04,18:18:59,-07:00,2025-04-04T18:18:59-07:00,0,6
contact\index.html,25,html,9337366f,Alexander Kuo,2025-04-04,02:09:05,-07:00,2025-04-04T02:09:05-07:00,0,6
contact\index.html,26,html,9337366f,Alexander Kuo,2025-04-04,02:09:05,-07:00,2025-04-04T02:09:05-07:00,0,6
